followers_count,friends_count,statuses_count
346960,972,37439
244570,1691,204374
213684,1723,5383
188269,82688,375785
183074,110352,80315
171787,731,38136
148665,10201,168130
130761,772,42652
128386,72297,219183
125683,28,1216425
125683,28,1216425
115186,55522,692669
110081,37615,226119
107419,102975,149500
106938,1139,132203
106938,1139,132203
103468,576,34521
103264,42844,3280
94835,7504,47952
89485,20856,27580
83257,81448,632607
81112,4497,86855
78455,352,69140
78047,56005,332950
78045,56005,332947
78044,56005,332931
72326,61888,434777
66857,39676,383550
66857,39676,383551
64352,66998,18574
62371,50736,556366
61122,65695,324072
55749,49000,197563
55749,49000,197563
54903,47778,252196
54903,47778,252196
54902,47778,252196
52867,50269,266047
52867,50269,266047
52867,50269,266047
52473,923,84251
52344,50799,102564
52342,50765,102529
51538,14613,93714
50803,51455,366181
49305,32293,35925
49305,32293,35927
47448,45553,153945
47448,45553,153948
47448,45553,153949
47448,45553,153949
47448,45553,153953
47373,47704,271442
46480,2565,14891
46480,2565,14891
46068,7559,167222
45954,36415,46010
45040,6802,5602
43291,1150,41745
43291,1150,41745
43283,17222,49368
42223,45494,139037
41030,15247,22477
39630,38271,77136
39549,39056,73808
38579,39202,307282
38579,39202,307282
38561,38727,437260
38249,777,121948
37650,40232,76717
36956,39794,486259
34587,24454,95723
34587,24454,95723
34563,416,9181
34178,33978,287232
34056,37466,332218
34056,37466,332218
33875,1067,61268
33789,33963,461205
33250,2450,405959
33004,20890,30349
33004,20890,30349
32755,28222,37119
31731,31501,75569
31004,32915,673446
31003,32915,673445
30596,33128,336556
30431,26921,51497
29975,31764,253534
29157,3120,16211
28683,26149,119644
28427,29112,157248
28421,29366,32695
28000,28713,25432
27642,27638,21154
27264,27503,95426
27221,499,290691
26478,993,256001
26306,22764,163064
25149,8885,116356
25081,3107,63391
25073,6140,216160
24711,21001,71921
24656,10271,21661
24591,15432,64688
24526,2226,14760
23939,23760,143205
23939,23760,143205
23741,21903,29746
23741,21903,29748
23738,21914,29757
23730,21608,164332
23730,21608,164332
23366,23238,41875
23306,646,79769
23305,646,79768
23305,646,79769
23234,11697,24138
23000,24729,141288
23000,24729,141293
22993,387,9508
22960,3559,75822
22336,24546,67453
22313,23616,18573
22313,23616,18573
22313,23616,18574
22229,20953,501258
22229,20953,501258
22194,20477,27076
21489,21517,41126
21258,23140,55190
21037,22200,53979
20788,6180,119298
20774,21225,276066
20566,21847,185138
20503,8239,25071
20458,10328,30590
20135,21686,33820
20135,21686,33820
20052,17857,625677
19888,19674,98018
19672,18915,21098
19505,19086,78320
19497,10892,95426
19411,18235,29460
19233,19230,33057
19233,19230,33068
19169,18411,645995
18993,18831,359673
18993,18831,359678
18993,18831,359685
18869,20259,78965
18600,19820,60917
18530,13032,262945
18418,1497,20880
18418,1497,20880
18095,338,56772
18039,17910,10135
18021,18873,105079
17998,4664,254390
17998,4664,254392
17710,2047,27063
17633,18673,260102
17413,405,1957
17380,18993,158904
17157,17005,29781
17140,14202,63313
16807,18468,68281
16671,17240,28846
16646,3184,89356
16615,66,150801
16488,8389,64206
16386,15337,110394
16012,15413,133306
15935,15796,93002
15743,15884,158206
15743,15884,158206
15743,15884,158213
15741,4504,84761
15741,4504,84763
15682,17114,110677
15682,17114,110678
15669,16034,12893
15663,16582,33703
15656,16970,125837
15397,7188,70344
15135,618,23397
15074,5069,110913
15048,248,51981
14950,11197,733727
14886,15962,60021
14884,14988,131928
14721,575,92097
14681,14666,100834
14681,14666,100836
14619,460,4586
14605,505,114161
14480,14538,149041
14375,442,45046
14314,14338,28676
14160,6620,6106
14120,429,32689
14079,14055,366947
14029,15408,183240
14029,15408,183245
13782,837,93454
13385,13989,91360
13283,13678,59782
13283,13680,59796
13263,53,3361
13172,13295,36489
13061,13076,32366
13022,11210,50199
12959,11585,335435
12843,1095,95974
12563,13787,74056
12547,13795,134254
12484,12660,209787
12484,12660,209836
12409,3377,13137
12394,11490,230191
12286,12290,88304
12284,7740,59516
12130,1566,16416
12124,12212,40893
12023,35,142419
12022,4385,88089
11999,12190,11261
11991,12097,28871
11986,12092,261503
11986,12092,261505
11983,12092,261503
11893,11989,55968
11763,11941,158198
11726,12795,34668
11687,3566,13660
11613,4360,77742
11556,51,1545
11544,10937,31211
11539,12692,214977
11523,11676,234067
11497,9048,97577
11497,9048,97577
11497,9049,97580
11489,11773,17212
11480,3329,54482
11391,6233,142303
11370,12412,95345
11370,12412,95352
11329,10787,131809
11292,12161,11056
11276,10220,63279
11208,4651,83072
11196,1339,17879
11182,7274,577344
11128,11110,412600
11061,11783,84365
11060,8411,45197
10911,4972,14076
10847,11601,101077
10783,268,9386
10707,10005,287057
10663,11726,136295
10618,10890,47942
10585,10967,82933
10564,1451,72300
10503,4848,165051
10493,9947,162720
10463,10782,91301
10436,9526,68162
10315,870,21556
10226,11220,107134
10210,7820,45438
10205,1391,67748
10129,11130,53130
10125,10890,128600
9993,10897,80153
9849,10711,49583
9808,551,19022
9804,10751,91812
9804,10751,91814
9690,10365,40040
9690,10365,40042
9686,10430,195847
9667,4347,35100
9656,2805,81107
9634,755,18946
9586,10540,91981
9535,4841,79987
9465,9264,55207
9427,9447,34436
9425,9916,136759
9401,321,101536
9340,13034,165490
9333,9302,352823
9333,9302,352823
9324,4114,690
9266,4274,16748
9252,10149,31926
9241,2891,28311
9155,9726,601498
9155,9726,601498
9149,9515,64931
9144,7834,24204
9037,7831,41307
9001,9105,13846
9000,9105,13846
8934,9112,550877
8905,412,42367
8888,8923,8121
8843,9647,22823
8812,194,29959
8812,194,29960
8778,1135,16880
8722,8692,75803
8664,4,2594
8617,9008,23830
8616,9465,136860
8602,9504,22407
8519,458,240346
8512,9079,62290
8504,8484,14841
8463,8048,124311
8460,6688,39684
8420,8234,44818
8369,4597,28771
8349,7323,3257
8321,6349,15799
8260,8349,144514
8223,8337,87111
8192,8206,99527
8166,224,26898
8088,8830,5512
8051,7008,28941
7942,8672,143217
7905,7812,43142
7899,8180,160177
7897,8335,19503
7879,8653,270287
7814,8594,11489
7721,2800,29599
7657,4728,463879
7628,7525,126865
7589,8348,116697
7520,914,18810
7516,5614,14415
7484,8226,54213
7480,4800,172361
7460,443,2411
7429,7629,11801
7423,8146,37245
7423,8158,133012
7406,7498,32239
7399,8156,85761
7395,302,55035
7363,5556,36721
7327,7816,53368
7327,7797,103082
7314,7577,58587
7303,7268,37111
7295,1232,88624
7250,5328,1513
7240,7835,34367
7226,7921,29579
7225,7022,91360
7225,7022,91360
7222,7301,7489
7180,1108,105140
7169,7847,306073
7169,7847,306073
7138,7722,69103
7123,6550,528242
7095,7521,1065472
7033,7490,211574
7033,7490,211579
7033,7490,211585
6995,5652,344556
6983,7066,243825
6961,6854,49162
6948,7195,45399
6948,531,2618
6936,2636,4834
6862,7278,44810
6852,7481,44386
6837,7056,46589
6832,7514,22466
6832,7514,22466
6828,7427,203018
6823,7085,111338
6807,6700,21608
6799,997,84770
6781,1188,211933
6762,34,5875
6759,569,126470
6751,6747,9425
6745,5397,16826
6742,3197,21830
6728,6578,99038
6717,7380,68958
6663,6555,11849
6659,6803,7796
6631,7188,410385
6582,6768,71538
6570,6161,246821
6556,6846,302333
6525,6682,40491
6506,6686,92145
6504,6684,92154
6495,6788,160937
6482,4161,29047
6460,3478,154955
6456,1406,23903
6453,4330,157605
6442,1613,30232
6429,4915,342406
6406,5322,1302
6405,4046,156922
6388,667,91207
6376,5216,141989
6369,6989,78755
6368,6989,78740
6337,6716,21149
6329,2344,122004
6329,2344,122004
6311,6900,358946
6304,6322,117217
6286,5815,75698
6280,6093,107150
6243,6354,34624
6222,5583,12170
6189,2532,46129
6163,145,23766
6160,1886,18102
6151,2071,12371
6132,6418,132444
6113,5391,14216
6105,6705,69413
6090,6226,10692
6085,424,38041
6077,6163,258529
6071,6601,381097
6045,2830,39789
6035,6576,64367
6026,5119,178732
6019,5605,44112
6018,6622,182532
6014,6611,105103
6014,6611,105105
6000,967,26966
6000,6599,50152
5971,6491,194221
5929,6477,86636
5922,4469,31678
5922,4469,31678
5886,5845,104323
5872,5302,26481
5842,5950,75509
5842,5950,75509
5807,220,6054
5776,6347,17922
5760,1114,129547
5750,5580,535329
5750,5580,535329
5745,5677,11578
5739,4091,228620
5710,5176,22732
5710,5176,22732
5709,5172,22731
5709,5175,22731
5708,5933,449690
5701,5483,7309
5697,6138,293258
5688,5761,174881
5666,4983,239894
5646,3764,12553
5612,265,9153
5611,265,9153
5611,265,9153
5610,265,9153
5610,265,9153
5607,0,68828
5584,5759,66763
5579,5488,15223
5566,2065,58322
5558,5006,162793
5535,3631,237342
5505,5561,48244
5499,2651,15876
5488,5579,117339
5477,5644,30349
5455,5944,375376
5445,5097,407406
5440,5101,207423
5426,5964,94690
5408,5238,102475
5399,5738,47918
5356,5430,3986
5342,110,949
5341,652,212658
5315,5360,11443
5303,5318,4762
5302,1323,26904
5302,1323,26904
5302,1323,26904
5281,5702,174260
5275,539,2625
5274,5790,5892
5274,5006,4608
5258,5645,20086
5249,636,10920
5249,4616,183119
5234,2031,18671
5234,2031,18671
5219,4680,162833
5209,5632,28588
5206,5446,12374
5198,5181,6579
5174,1079,7396
5165,4945,99660
5163,5119,8471
5155,5547,12174
5136,4591,188763
5133,1260,136952
5120,5583,146338
5115,5597,108208
5103,5605,79393
5102,1309,6505
5090,5461,5911
5087,5590,177206
5069,556,7995
5066,472,7044
5059,460,12394
5056,5376,20758
5050,4243,158026
5045,4602,31696
5043,3493,116106
5040,5132,37616
5038,907,6534
5031,4427,57445
5011,5009,321647
5011,5009,321648
4999,1021,256291
4968,2398,33052
4959,1802,35444
4952,3613,176103
4932,5372,43096
4895,4711,103088
4884,4997,456554
4881,2226,50981
4868,1432,5028
4868,1432,5029
4859,3176,2953
4827,2715,33904
4801,5286,68344
4801,5286,68346
4796,5245,46866
4776,4975,77506
4774,4977,77507
4770,4414,48568
4719,4780,16499
4715,4695,21008
4712,4714,41992
4686,2108,2964
4679,2107,2960
4677,2107,2958
4676,4752,22294
4673,5117,36508
4658,4554,25143
4657,280,94764
4644,5082,110050
4619,502,5679
4616,4235,129546
4604,4803,384986
4589,5055,91607
4589,5055,91607
4588,3839,19561
4588,3839,19561
4579,4907,45394
4576,5003,178364
4574,323,77496
4573,1001,6292
4568,709,25900
4550,4992,62735
4546,2158,22748
4538,4517,49101
4532,4989,11166
4521,985,124642
4510,490,65606
4499,3607,101938
4498,359,23307
4498,359,23307
4498,359,23307
4478,3403,32297
4477,3403,32310
4439,4080,17433
4428,4544,67943
4428,497,93679
4418,3392,4074
4412,4073,2064187
4398,4918,99577
4398,4918,99579
4382,1,13538
4380,4999,209846
4378,4993,49946
4370,2220,9830
4361,4265,24454
4347,2319,136147
4347,2319,136149
4347,2319,136156
4347,2319,136158
4347,2319,136160
4341,4999,493500
4340,5001,17692
4328,4795,14496
4322,4987,31553
4296,1225,5953
4292,1501,91958
4277,5000,85734
4275,4944,9328
4274,4996,40270
4263,3,90312
4263,3,90312
4261,3866,84288
4260,558,35889
4225,4657,16336
4210,1279,589626
4209,4992,26339
4199,4966,183277
4166,4813,24495
4166,4813,24498
4162,4038,96911
4160,4323,33349
4156,4719,32922
4151,4938,91131
4127,4987,301462
4120,4988,108814
4113,2071,165880
4109,454,45108
4105,4158,10239
4088,4072,11971
4079,252,151870
4052,4976,51268
4050,3370,161719
4048,4670,20993
4048,4670,20993
4048,153,5574
4039,4747,101100
4037,4102,176569
4019,5000,195829
4014,2615,7872
3990,3266,290166
3982,2162,44504
3982,4318,61754
3972,5001,47356
3959,4727,1009
3959,4278,15655
3953,4945,27541
3951,2996,8555
3947,499,6208
3946,3761,159389
3946,5001,233032
3921,402,155082
3921,402,155084
3910,996,62734
3901,4993,47996
3896,4938,13634
3893,4893,311220
3891,4997,71197
3881,5001,140850
3880,4348,17999
3860,4862,3322
3856,2983,89002
3836,4998,166240
3836,4998,166240
3817,5001,52448
3808,3979,9969
3807,5001,41187
3793,4792,6122
3787,478,25704
3782,4980,15020
3781,3710,63242
3780,3710,63239
3776,4735,44388
3758,1419,256990
3754,4738,45449
3749,4981,29537
3744,4040,75971
3737,4605,33075
3734,5000,94325
3731,3399,537347
3702,4261,92204
3697,3399,3883
3693,4276,67674
3685,251,15695
3664,3621,5897
3657,5001,89668
3649,4982,71219
3633,5000,653667
3629,440,2703
3626,4813,282448
3621,3554,28447
3614,3841,11576
3612,4911,41910
3596,2367,596490
3583,5002,67183
3575,698,58689
3571,4972,6860
3570,1879,307344
3570,1879,307344
3569,3852,4359
3566,3011,134720
3566,3011,134722
3558,747,71720
3558,3358,5550
3557,4583,84551
3552,3915,69026
3547,4967,23212
3543,3545,14408
3543,3545,14408
3531,3421,133631
3531,3421,133631
3529,4465,159912
3526,3547,17451
3526,3547,17451
3526,3547,17451
3523,999,32742
3518,2455,245739
3504,3673,25393
3502,4990,51974
3497,2733,117008
3497,3601,130494
3483,4986,118133
3483,298,59507
3480,4987,16904
3479,4559,29779
3478,2185,11466
3469,3473,7622
3469,3473,7623
3468,4080,21979
3465,4993,10677
3444,1392,18875
3433,3021,90382
3430,1838,138456
3429,2707,10330
3419,4338,22149
3418,4229,217831
3380,3540,52083
3377,2729,57884
3373,1410,20718
3373,1410,20719
3337,2540,21733
3329,2180,52469
3328,2089,13966
3317,3262,111148
3305,4984,250134
3292,4623,32079
3288,3231,31891
3288,3834,229826
3284,3681,9210
3275,3367,9409
3275,697,228741
3275,4097,18320
3261,4996,93694
3258,3043,141726
3256,3681,41111
3246,3006,61733
3246,3495,71366
3241,3758,1301
3238,5000,13514
3237,416,14026
3236,4988,94289
3233,2411,758
3233,3429,257430
3231,4700,385355
3223,1960,110590
3216,3666,140866
3215,5000,14298
3212,105,31170
3212,105,31172
3209,5595,48929
3209,5595,48929
3196,5001,350804
3192,3049,115297
3173,2962,42377
3164,2527,300376
3163,4078,52118
3151,2745,6207
3143,1275,40325
3143,1275,40326
3131,4948,81935
3129,4067,12175
3128,1650,5435
3127,1551,14252
3124,557,31231
3123,5002,174584
3123,5002,174588
3122,504,73878
3110,1493,18112
3109,4560,3563
3106,2775,579229
3106,3912,1723
3106,2775,579229
3099,4068,584923
3099,4729,22099
3099,4068,584939
3098,3118,244995
3095,2380,32844
3092,3530,12165
3087,929,55254
3087,553,7642
3080,3716,38691
3070,3360,6336
3070,4190,10197
3066,4462,57147
3056,1591,118406
3056,1591,118406
3056,1591,118406
3054,4052,17500
3053,732,40658
3038,3995,702
3029,5003,22982
3021,2327,48645
3009,3583,18659
3005,4998,62145
3000,4995,27991
3000,4871,126878
2997,2370,58059
2995,221,3285
2994,788,280779
2977,542,7890
2967,2930,72578
2959,2582,92415
2959,4671,11516
2959,2582,92415
2959,2582,92415
2959,2582,92415
2959,2582,92415
2953,2778,119938
2951,3871,92090
2949,3385,9002
2940,1187,78898
2933,2250,18456
2932,3172,76362
2928,2655,34084
2927,4997,115274
2926,1408,140834
2926,1408,140835
2917,3087,128038
2917,3087,128038
2916,2247,6092
2910,2979,107113
2910,155,2545
2910,155,2546
2909,4999,250865
2908,3126,7000
2903,2889,132099
2903,3497,4534
2899,2861,36988
2875,4818,463403
2872,3893,11988
2857,2475,55097
2838,2591,30065
2829,1492,62826
2814,3005,29735
2777,156,114506
2777,156,114506
2769,3774,11926
2767,976,225
2765,4984,42058
2760,2892,81977
2758,3789,95380
2757,1590,135053
2753,3458,22536
2751,2375,237836
2745,1988,4692
2744,486,3375
2743,125,19001
2731,2260,97863
2731,2260,97864
2725,2730,30083
2717,4997,141055
2717,4196,11663
2715,4955,42491
2711,4006,790481
2711,4006,790486
2702,2965,138787
2695,4565,20434
2693,794,28323
2689,2437,35109
2685,3741,224868
2685,3741,224878
2682,1589,69677
2681,4900,15840
2679,2355,2487
2678,2736,13065
2642,374,57200
2636,2131,57174
2610,2633,39151
2610,3164,48945
2608,3019,36613
2599,2847,96982
2591,568,9389
2572,250,27252
2570,847,103183
2570,1021,118393
2563,2569,11580
2563,3803,33451
2562,5000,40256
2557,3264,28352
2549,2796,30853
2548,487,47333
2546,3381,68045
2545,2458,12239
2545,2458,12239
2544,3379,9224
2538,2083,149270
2538,814,19228
2535,3167,38312
2532,4279,7336
2525,2798,13513
2518,2556,16622
2516,2513,128791
2509,412,20978
2509,412,20978
2506,2655,15511
2501,3673,12069
2495,332,29666
2493,5001,104347
2493,2720,5791
2492,823,133457
2487,2490,3150
2487,1367,204051
2484,2799,33520
2483,630,25915
2476,3480,10566
2475,2254,130212
2472,4487,127154
2469,1838,21616
2467,4998,68567
2462,2291,21027
2460,698,527
2460,699,527
2460,2241,101736
2458,699,527
2455,407,52116
2451,746,28699
2447,746,28696
2447,746,28696
2447,4200,48403
2435,1930,193977
2434,2355,21232
2434,2639,155959
2430,2662,7470
2429,4507,31355
2423,2723,11783
2410,2289,11235
2405,86,459031
2401,1117,3511
2401,5002,108502
2398,1837,3363
2396,1915,79929
2396,1915,79930
2396,1915,79943
2392,1692,85354
2392,2674,138348
2390,554,10387
2383,3538,38743
2383,3538,38745
2379,3017,27320
2378,918,23287
2367,662,894
2367,1181,7647
2366,1831,40680
2354,4331,22755
2347,1368,6410
2346,3181,8089
2346,2659,31113
2344,347,45501
2343,2828,5046
2338,4994,20401
2334,2142,7023
2334,2142,7023
2321,2531,28046
2318,3742,6483
2314,522,8821
2314,522,8822
2309,63,40523
2306,197,37770
2304,4826,117366
2303,2221,21316
2303,443,23222
2301,2617,121020
2292,2635,44923
2288,2317,16668
2284,380,29852
2284,808,121879
2281,1289,51933
2273,900,252453
2269,929,7606
2262,2436,46817
2253,3213,126261
2252,1526,61414
2251,1800,26612
2247,2315,64623
2247,1033,587424
2246,1354,22441
2246,2484,59943
2246,321,36708
2243,3215,171796
2242,626,31757
2239,1393,222729
2232,3092,13884
2221,2568,32219
2212,1514,16882
2211,1223,2232
2211,2329,22190
2206,1066,3493
2204,423,44130
2202,4116,118405
2201,1295,44544
2196,1551,14303
2191,3538,21529
2189,3568,22689
2184,525,26514
2182,1897,10769
2182,1897,10770
2181,981,68
2180,2689,289743
2176,781,66612
2176,2215,5482
2172,605,73217
2166,582,93509
2165,2876,25592
2160,2436,134161
2159,2572,34745
2157,1650,75086
2156,514,58453
2152,2031,55889
2151,2203,2856
2137,1970,63234
2133,258,42393
2130,496,49996
2126,602,281528
2119,1580,60740
2118,670,23001
2114,217,435486
2109,1005,33325
2102,1944,190006
2098,1971,2175
2088,2218,42377
2084,2793,22107
2074,548,17594
2074,548,17594
2074,360,54800
2057,2018,36416
2051,927,25107
2050,2748,23191
2049,3870,31076
2048,1954,3562
2044,1182,5214
2039,4223,80616
2039,1627,68960
2037,889,57251
2034,379,7633
2033,2320,67213
2033,4830,31172
2030,1841,5575
2028,1992,40750
2026,687,14100
2025,217,9603
2015,597,3380
2014,3962,19323
2009,1971,286082
2003,2238,2178
2003,2354,11171
2002,2148,44546
2001,1954,21573
2000,2820,138043
1995,2128,14068
1995,1903,1714
1993,1879,64739
1992,1724,1121
1991,1654,63750
1990,1475,272778
1988,4916,53066
1988,3560,10177
1982,2392,64386
1980,632,3120
1978,2295,26034
1972,592,67652
1967,214,880
1960,2148,21857
1948,4973,471170
1946,3033,97834
1940,1972,21932
1935,2142,6563
1934,4840,25903
1930,1585,201853
1924,1919,210972
1923,2460,7490
1923,2940,38841
1921,1006,14357
1920,673,37557
1920,2674,25209
1914,4102,17058
1913,196,6305
1909,3219,11603
1909,2447,31781
1905,2417,22725
1904,209,11029
1904,2138,39999
1903,2136,39967
1897,997,8912
1896,2461,18273
1887,3535,35193
1885,2631,17189
1882,5001,76006
1881,3757,195135
1881,1687,5624
1878,1308,21778
1877,1612,55527
1875,591,158827
1875,591,158827
1869,3116,27695
1867,2588,2066
1857,1462,22653
1852,529,6128
1850,4999,8511
1849,2566,8810
1849,745,4409
1848,1584,86313
1847,3580,6570
1846,1986,88996
1837,266,3399
1836,2224,1165
1835,1068,29082
1832,1572,23915
1832,1472,19260
1828,2188,28822
1822,1993,8256
1821,1740,1812
1816,852,6014
1816,852,6014
1816,852,6014
1816,852,6014
1816,852,6014
1816,338,16407
1811,3146,7121
1806,4753,13774
1805,1025,5074
1804,1381,12110
1804,68,25844
1804,68,25844
1801,4555,24833
1797,1263,65628
1796,4331,54528
1796,1439,14527
1796,937,31833
1796,937,31833
1796,937,31833
1791,857,676217
1791,857,676224
1791,857,676225
1790,2309,20757
1790,2951,204651
1790,2951,204651
1783,106,16706
1781,4617,34993
1780,1757,19067
1780,1757,19089
1778,2203,15383
1778,4004,149466
1776,2038,11274
1776,54,1381
1776,2426,24471
1776,2038,11274
1772,1755,12078
1770,1848,51105
1768,4985,92362
1768,4985,92364
1766,5000,103886
1766,5000,103888
1765,1833,33371
1762,1396,36899
1762,1396,36900
1762,1671,4219
1759,554,37243
1756,755,85849
1750,2113,14559
1749,1931,78071
1747,2966,36478
1747,1451,36150
1746,192,1487
1745,3812,7727
1745,507,74668
1744,1481,27282
1742,1495,64855
1742,1389,3863
1739,1076,37942
1739,4005,125539
1737,746,89805
1734,377,42545
1731,1728,3105
1730,606,229065
1729,1647,171646
1728,1482,28938
1727,1918,16820
1724,193,15117
1724,1269,23131
1724,943,8497
1720,1571,104297
1720,569,30245
1715,1012,55465
1713,1258,11598
1707,1179,7701
1694,4964,91121
1692,2619,120303
1691,4654,85536
1689,1447,33863
1688,1140,7598
1686,1622,9427
1683,1897,136334
1682,1340,18175
1680,1316,69222
1675,1046,20918
1672,958,11320
1671,148,37974
1670,1980,7531
1667,1657,20173
1667,1657,20174
1664,1910,71779
1664,1512,140531
1664,1960,25195
1659,300,23625
1657,675,52540
1656,1741,159503
1652,2005,27664
1650,176,851357
1650,1821,2196
1649,2454,144167
1648,1476,61587
1647,2084,46087
1645,1718,137040
1643,2609,69285
1643,2609,69285
1640,168,37881
1640,876,179939
1629,1682,50661
1624,1281,47731
1623,943,20064
1623,943,20064
1623,594,5197
1622,116,1352
1620,1944,11812
1618,699,141640
1617,5003,15156
1615,1472,15750
1613,1284,18494
1607,435,2058
1607,131,5110
1606,235,94060
1605,2624,20481
1603,1878,2252
1598,2118,38305
1596,3338,166312
1594,960,8315
1593,3198,231543
1590,3263,604
1588,712,60598
1586,728,164832
1582,651,48652
1580,3411,109124
1578,1157,30498
1577,1698,3238
1575,1739,4007
1575,1424,11455
1573,980,21864
1572,3469,111052
1572,3469,111052
1572,3469,111052
1572,3469,111062
1572,465,130112
1570,1486,54102
1570,1486,54102
1569,1565,56062
1567,1226,3286
1565,3917,14713
1564,1485,2516
1563,1383,53587
1563,2449,29760
1562,2113,8454
1560,1558,4806
1558,2635,12651
1558,1399,1919
1558,2093,60146
1556,1879,103457
1554,705,25621
1553,873,39302
1551,3559,43924
1548,4269,15697
1543,1626,58618
1540,4784,2941
1539,4334,13737
1538,2589,3973
1538,702,130927
1537,77,75616
1533,1147,15138
1533,1872,22790
1532,983,154199
1532,394,15998
1532,983,154199
1532,983,154199
1531,591,728797
1526,1004,48611
1526,712,19180
1526,1235,43028
1523,979,46299
1522,326,23540
1522,326,23549
1521,46,10645
1518,2731,38903
1518,159,8757
1516,2877,13905
1516,1130,41588
1514,1664,16193
1512,1513,50244
1509,489,72244
1506,714,3630
1502,653,94792
1498,1224,86735
1497,2405,2219
1497,540,28025
1496,5001,401170
1496,5001,401171
1484,542,154214
1482,1250,36181
1481,1850,29118
1479,1727,7946
1477,3588,19521
1475,4978,33519
1472,872,99492
1471,953,43028
1470,1630,41985
1469,1553,8341
1466,4994,77926
1464,1461,5006
1464,1461,5011
1464,1461,5012
1460,1106,94356
1454,687,9085
1454,2250,7768
1453,2054,14314
1449,2331,5534
1449,955,9366
1447,1717,15677
1446,1,52632
1443,250,81278
1440,2822,31797
1437,1455,12124
1435,131,2753
1434,1308,60093
1433,227,3508
1432,1988,112823
1429,1598,25909
1425,153,5471
1423,2731,21121
1423,4071,16710
1420,54,3255
1419,2386,41606
1416,987,12056
1415,4870,35494
1413,2239,36511
1412,1943,74656
1411,1021,13131
1410,4295,56206
1409,1539,10170
1405,1651,62133
1404,899,44000
1403,1256,2426
1401,434,25956
1396,1032,25293
1391,711,56559
1391,2398,91463
1389,3325,4394
1386,1381,79732
1386,1584,79199
1379,2237,3810
1379,4117,13322
1379,947,29169
1379,947,29169
1378,4999,43223
1378,4999,43225
1377,1963,67905
1376,1512,3069
1375,1511,76481
1373,1587,76608
1373,0,168230
1368,576,54349
1368,558,19283
1367,3466,25401
1364,989,68294
1363,396,9401
1363,727,55141
1362,1568,303579
1355,4489,29192
1354,1269,199193
1352,393,69588
1352,1287,14862
1352,1193,4392
1350,1174,19886
1347,607,66902
1346,893,1085
1345,99,6989
1342,1691,45042
1339,4495,107378
1338,1946,11769
1336,630,15398
1336,630,15398
1334,955,15253
1333,2521,24892
1332,1630,16096
1331,1010,38933
1325,1278,19739
1324,1725,40619
1323,357,2381
1321,1545,31290
1320,45,9086
1319,1175,63958
1319,1288,24284
1313,2165,15943
1307,308,52333
1305,1065,20851
1305,515,38234
1304,1283,43095
1298,1094,29818
1294,948,79568
1291,1002,140740
1291,148,46816
1290,1061,47720
1289,5002,135376
1288,635,83216
1288,635,83217
1288,635,83221
1286,1302,5906
1286,648,21263
1286,1289,3411
1285,929,19005
1285,929,19005
1285,929,19005
1285,929,19005
1285,929,19005
1285,929,19005
1285,929,19005
1281,613,56914
1280,856,13935
1279,2048,3331
1278,1883,1874
1277,557,90551
1277,789,49833
1275,5001,23941
1274,995,70708
1272,1544,8549
1270,1172,1706
1270,1172,1706
1266,733,126495
1263,23,41486
1262,2020,57891
1258,2744,4975
1258,1006,4238
1257,1390,45474
1257,1161,35115
1255,1839,26015
1252,1244,113965
1252,408,15270
1252,1076,32696
1249,1219,71797
1247,727,4834
1246,3815,5904
1245,858,6233
1242,1222,18526
1240,715,85924
1240,1215,17625
1239,1981,81652
1237,1172,25397
1237,1631,206496
1237,172,13155
1233,1846,24270
1231,1925,101477
1229,991,3700
1227,5000,48757
1227,1906,31033
1224,1159,45981
1224,1310,142596
1223,1924,36977
1221,3357,100415
1221,682,9834
1221,2452,14337
1220,502,90969
1217,946,47408
1216,860,202671
1215,2227,10690
1215,1215,9345
1215,550,18463
1205,4846,117823
1204,0,3381
1204,1658,10564
1203,488,1665
1203,924,4520
1200,45,3420
1200,813,22931
1199,3392,31143
1199,2125,42375
1198,892,86749
1197,107,765
1194,1255,4722
1193,1619,14349
1191,1352,57827
1190,1199,15180
1190,1199,15180
1190,1199,15180
1188,898,6956
1188,1434,77529
1188,746,67186
1186,824,114236
1185,521,63705
1183,2960,53760
1180,417,89661
1180,1518,30176
1176,418,13930
1176,1002,9727
1176,1402,12057
1175,447,301327
1173,74,292
1171,1071,63557
1170,4314,16913
1169,429,11168
1165,186,31704
1164,328,152140
1164,619,48140
1163,1833,20550
1159,1711,1953
1159,1711,1953
1158,1086,6082
1158,1086,6082
1158,1242,36492
1157,397,16416
1157,498,1046
1157,246,26494
1154,1289,12508
1152,538,58086
1148,4515,23105
1145,857,1962
1144,1055,187853
1144,1055,187854
1144,25,327
1143,829,6112
1140,1114,52663
1138,490,7746
1138,1202,33614
1137,378,60987
1135,684,109314
1130,986,4208
1130,844,13049
1126,1459,154602
1125,1022,55781
1124,1282,70353
1122,970,66552
1120,2420,17201
1119,1407,64237
1119,1407,64238
1117,1347,7015
1116,1117,3272
1114,2127,10189
1108,973,51616
1108,1943,6606
1107,1410,68927
1105,74,4905
1104,1843,22295
1102,2551,38458
1102,836,7260
1102,28,400977
1101,2769,8541
1100,723,36834
1099,2112,201378
1097,1621,32509
1095,1497,31033
1094,1716,81048
1094,754,83773
1089,966,59406
1089,206,16754
1088,1733,3785
1088,1696,37457
1087,509,76289
1087,1729,3783
1087,1731,3785
1086,944,17552
1086,254,11933
1086,1976,8069
1085,981,4418
1084,2047,24296
1083,923,17778
1083,1121,17870
1081,473,20106
1069,734,88122
1069,1082,37232
1068,962,1767
1068,148,42894
1067,357,28746
1065,2031,92694
1065,832,69203
1065,832,69203
1065,2031,92701
1065,832,69205
1063,1834,22295
1063,2023,18221
1061,1040,30564
1058,1234,12379
1057,606,8028
1056,1824,32522
1056,790,79341
1056,790,79341
1056,790,79341
1054,2249,8488
1053,446,37712
1052,1035,155828
1049,833,231472
1047,620,41885
1047,443,68702
1047,1161,12576
1044,2468,72124
1044,1854,16942
1043,515,2652
1042,1511,82541
1041,651,26851
1040,518,127742
1037,840,9445
1036,507,23131
1036,1513,169769
1033,1043,12069
1032,2434,110903
1032,215,35389
1032,1519,20323
1030,827,71059
1030,1358,933
1027,926,28944
1025,908,39061
1025,1554,114233
1025,1619,16619
1025,1991,22318
1023,196,256680
1022,1287,25189
1018,823,11960
1017,317,20499
1017,835,39382
1016,2159,6493
1016,604,40926
1014,2002,20954
1013,1618,36486
1013,2116,10067
1010,2067,5505
1009,2547,48671
1009,2547,48671
1009,2547,48671
1008,862,49053
1008,168,589
1007,567,90762
1006,446,17720
1005,630,27287
1004,2263,19879
1004,5000,59160
1000,1563,26117
999,639,55716
999,639,55721
999,639,55727
998,988,2376
997,70,1051
996,955,6439
996,955,6439
994,69,171442
993,2203,14353
992,1834,19514
988,2044,5727
987,959,10983
985,1031,9970
985,986,35716
984,300,67641
983,418,28321
978,3611,5882
978,297,47828
978,417,8305
977,358,67941
977,1852,48265
976,468,6188
975,825,45537
971,1029,61403
968,757,54455
967,967,222737
967,813,18506
967,301,16094
965,1453,2707
963,2376,69908
961,1239,94387
961,358,110657
960,2418,12843
959,1146,6554
958,943,59796
958,1303,58523
956,1142,14701
955,1135,148208
954,588,9313
952,358,49010
950,1330,2690
948,901,1705
948,518,237053
947,221,143993
946,789,47340
945,1147,76899
944,1292,45147
942,1319,18735
942,700,20544
942,882,149181
942,882,149181
940,529,16995
938,1308,2901
938,1856,44601
936,1511,23517
936,1052,1687
934,744,2235
933,1029,17581
931,870,55476
931,716,88469
931,913,197215
929,867,30810
928,961,3848
927,946,78403
927,1408,16920
924,853,22186
924,853,22186
924,853,22189
922,455,122424
920,771,21843
920,1125,25133
919,1454,9288
916,265,782
912,111,315
910,877,19093
909,2970,5766
908,1627,8534
908,339,33793
908,809,10648
905,2693,10870
900,554,5225
896,1485,16957
895,116,1299
894,684,29074
894,749,85559
894,478,39442
893,1294,38382
893,1168,5671
892,2234,24558
891,89,31630
891,395,44776
889,141,24759
889,407,1371
888,227,49493
888,227,49494
887,1789,161929
884,196,23622
884,1078,12390
883,1773,16394
882,900,15798
882,943,20356
882,1204,12757
882,2392,66304
880,2186,13653
880,2186,13655
880,2186,13655
879,601,2539
879,870,58631
878,1405,22366
877,1526,5708
877,3289,76660
877,1018,145
876,1938,41490
876,1026,41166
876,1543,19014
875,598,63298
875,598,63298
875,1743,56763
875,1743,56763
873,871,58631
872,931,37133
871,739,11711
870,1006,12205
870,864,5255
869,1884,6335
869,657,33666
868,185,49221
867,2138,30354
867,640,52842
867,897,12290
866,2388,54726
864,1057,3339
864,831,5735
863,1377,15938
862,480,231576
861,2236,14076
860,614,31337
860,2103,17203
858,1877,54631
857,818,20765
857,4460,37317
854,915,33334
853,1384,1644
852,859,20865
849,1635,23963
848,289,139717
847,725,46611
847,490,34663
845,72,22157
844,603,19187
842,771,11898
841,974,91809
841,865,21019
840,590,73461
840,919,9235
838,625,11954
838,1239,2317
836,707,5002
836,734,12167
836,211,2115
836,4995,277714
836,178,1448
835,959,3505
834,2382,11644
833,592,953
833,1170,26468
832,814,28164
832,713,31882
831,1335,4619
830,74,3201
830,704,74555
829,944,85720
829,944,85720
829,56,1867
829,944,85721
829,944,85724
828,534,249256
827,1213,1646
825,554,24938
825,554,24942
824,679,8228
824,1070,60476
822,1206,15626
817,787,29505
817,795,18697
816,726,75493
816,742,4752
815,500,42652
815,828,14756
813,3506,54900
812,2034,4385
810,975,8692
808,2310,50782
808,353,20403
808,878,1966
808,716,26073
807,744,11585
807,744,11585
807,1874,6311
805,730,8876
804,853,97989
803,1082,14152
803,2092,2260
803,289,3015
802,271,1154
800,613,12613
800,1359,14388
799,424,41967
797,154,42994
796,1230,44690
795,617,2145
795,1436,50528
795,337,45956
794,669,2580
792,1173,13559
788,736,141269
788,5001,4120
787,1617,5847
786,295,107317
785,787,5970
785,787,5970
784,389,15792
780,1593,41474
780,1593,41474
779,967,5775
777,2797,103497
777,632,24178
777,546,16255
773,621,65388
773,1361,12001
772,398,145482
772,435,8711
772,435,8711
770,2142,14970
769,1720,30631
768,366,52464
767,237,1939
764,342,18304
762,677,7594
761,857,31019
759,619,12480
759,390,81628
758,1772,43261
758,974,12927
758,1799,35167
756,707,15432
756,804,114626
754,3223,8782
754,909,27346
753,299,86798
752,3683,23125
749,151,14302
749,745,105905
749,375,21019
748,810,5353
747,754,2180
747,969,8050
747,809,5906
745,755,2994
745,755,2996
745,1080,18922
744,869,49506
744,1513,4380
743,474,38225
742,783,15895
742,732,18709
742,4691,8510
742,732,18713
742,541,54540
742,732,18714
741,1634,23838
741,1634,23839
740,90,21014
740,456,315
740,911,75061
740,412,3645
739,264,5190
737,1574,129704
736,4999,772
734,528,26653
733,233,3848
732,575,4538
730,356,5143
730,322,27409
728,1170,13274
728,1840,5702
727,761,6434
727,640,2740
725,294,11624
725,1103,27904
725,3328,18404
725,1321,1825
723,1087,26467
723,684,20780
722,333,90136
721,1531,4119
721,463,13528
721,986,6269
721,986,6269
721,337,12350
719,980,8040
717,1115,25260
716,686,75374
716,4552,2531
715,291,5328
715,184,101451
713,778,42130
712,1212,2645
712,708,20061
712,210,93669
711,2184,6280
711,353,11594
711,1020,2154
710,534,54435
710,780,50111
710,1573,84210
708,1211,43949
705,1293,10390
705,2011,4090
705,488,85812
704,2641,77439
704,2641,77439
704,2641,77440
701,213,214555
701,701,11120
701,213,214555
700,2020,26822
699,1169,628
699,507,5869
698,515,74500
697,838,4406
696,487,25041
696,154,1411
696,572,85523
696,154,1411
696,3593,87606
696,3593,87606
695,819,15864
695,652,21171
694,975,23587
692,1239,31560
691,236,11268
690,2068,52044
689,330,57458
689,1261,55142
688,2131,78348
688,1512,6754
687,808,5646
686,1164,66808
685,4985,66550
683,1661,24854
683,136,1760
683,729,18772
682,436,45660
681,771,21422
680,1057,15196
680,913,8431
680,576,20747
680,119,6712
678,602,70322
678,642,112881
678,660,9449
678,660,9449
677,1110,9199
677,338,12578
676,338,116369
676,2273,259902
674,439,11546
674,439,11550
672,1016,11058
672,663,110
671,1021,32407
671,34,322782
670,1165,14937
670,656,3299
669,1453,8618
669,1883,10472
669,1453,8618
668,1667,2555
668,272,17095
666,1004,48857
666,275,1232
664,1298,23745
664,427,79261
664,1348,7796
663,611,7483
662,536,18807
662,1030,36857
661,839,2415
661,623,14715
661,392,97353
661,720,4876
661,1892,15114
660,601,38389
659,741,12519
659,361,910
658,709,447
658,556,21960
657,1529,19836
657,684,20834
656,2468,27874
656,1420,9023
656,581,77188
654,771,9418
653,795,60235
651,1455,174965
651,409,31401
650,2480,14235
650,464,118245
649,995,19355
649,609,31893
647,789,8569
646,1070,7369
646,687,11951
645,576,3220
644,129,37221
643,1357,21490
643,608,23
641,771,12667
641,298,9881
640,489,18843
640,463,21623
639,435,37038
639,3007,44043
637,606,1778
637,445,3783
637,789,115884
636,647,18371
636,285,22268
634,795,23838
634,1247,12581
633,299,10554
632,297,22117
632,1339,21358
631,391,1065
630,164,5504
628,516,10425
628,1526,18072
627,136,8321
627,3160,48613
627,1081,32422
626,502,15343
626,1313,7913
626,713,3141
625,751,26019
624,1444,1532
624,363,10622
623,768,54464
622,993,8078
621,576,6744
620,830,4570
620,928,171461
620,830,4570
619,1018,18338
619,311,3997
618,665,6668
618,871,32979
618,439,288
617,130,5157
615,1113,6822
613,1953,15543
613,404,66792
612,310,10172
612,3345,75085
612,1425,21201
611,826,148902
610,499,33550
610,1030,9796
607,356,6630
607,653,30834
606,720,42981
606,1701,9800
604,862,26221
604,427,46798
604,1010,119223
603,975,65651
602,723,33021
601,193,19315
601,576,22240
599,863,90248
599,653,2656
597,564,56991
597,508,23000
597,250,51753
596,779,15175
595,557,9433
595,1498,67818
595,363,30115
595,461,15528
594,900,39948
593,316,2809
591,311,32838
590,683,8335
590,1758,21950
589,602,5907
589,687,794
588,569,129418
588,2589,6875
588,2589,6875
588,986,20394
588,1100,34946
588,809,62408
587,177,74485
585,1302,39188
585,763,2592
585,1656,7850
585,1302,39190
584,312,7832
582,887,27367
582,1794,8363
582,69,10798
581,2916,29746
580,759,8003
578,666,184828
578,298,10679
577,1903,12082
577,517,4888
577,513,76919
576,833,4464
575,986,28262
575,1173,99247
575,823,1785
575,967,2549
574,580,83344
573,1641,17716
572,430,44314
572,1342,923
572,927,3031
572,814,19842
571,200,6576
571,1277,28071
570,233,140171
569,162,16583
569,339,15013
568,464,50084
568,2528,3735
567,944,40905
566,51,15777
566,764,27733
566,764,27733
566,610,7760
565,468,17672
565,565,12351
565,603,40289
564,4993,57929
564,1333,2658
564,983,1759
563,1014,16274
563,55,1382
563,272,99411
563,148,50587
562,440,12792
562,359,11358
561,1028,4115
561,971,7745
561,2235,7983
560,529,15118
560,383,18749
559,499,81073
559,1477,1779
559,689,4776
558,574,46312
558,965,32888
558,1453,2610
556,375,4767
555,584,16973
553,466,15943
552,1138,4715
552,525,20752
552,849,20957
552,557,8053
551,800,39912
551,535,15503
551,1353,22879
551,800,39913
551,912,11118
550,431,7586
550,77,9930
550,153,61163
550,1662,7454
548,240,13405
547,2075,4226
546,315,23775
544,1291,209781
544,1291,209783
544,619,484
544,1529,3137
543,531,7206
543,250,14953
542,545,5410
542,820,19714
541,333,32783
541,31,893
541,563,16736
540,146,4751
540,1255,1885
539,116,9931
539,723,27110
539,563,2009
536,574,10124
535,510,76807
534,280,68495
533,1070,5541
533,200,5722
533,901,2629
532,1425,12738
532,581,3652
532,1197,4737
532,1197,4737
531,690,8184
531,428,4549
531,693,39431
530,1359,2487
530,414,61612
528,2134,18029
528,880,6018
527,268,49404
527,398,10494
527,1079,58310
526,503,62616
526,555,8817
526,314,152932
526,643,47074
524,366,30876
524,987,10657
524,332,101677
524,267,39660
524,449,23510
524,468,5109
523,210,24190
523,516,36163
522,773,6164
522,562,4620
521,1573,11061
521,462,12934
521,1045,15382
520,359,23642
520,359,23642
520,359,23642
520,359,23642
520,359,23642
520,717,36079
519,2060,43241
519,278,9794
518,2059,43240
518,173,3736
517,3596,7413
517,181,25648
517,287,11955
517,813,9275
517,900,14956
516,947,3651
516,296,29298
516,372,18087
516,450,1863
516,372,18087
515,956,4055
514,396,17465
514,502,22282
514,517,109
514,561,11971
514,542,106700
513,147,561
513,431,43751
513,270,18222
513,330,3842
511,1048,13462
510,496,29222
509,1635,2434
509,326,10952
508,748,21326
508,390,24076
507,477,1250
507,671,15277
507,345,44127
506,194,88928
506,770,10823
504,650,39482
504,154,2529
504,861,2027
503,1237,49324
503,443,7110
503,678,43299
503,521,13799
502,509,1291
502,384,12427
502,918,1931
502,392,82870
502,453,5554
500,1,234
499,563,28424
499,563,28424
499,337,19642
499,5000,9132
498,460,13112
497,515,39388
496,2426,20787
495,896,5699
495,545,71582
495,1244,6642
495,471,11411
495,1666,291
494,742,24123
494,283,21844
492,375,1568
492,560,9503
491,850,10190
491,485,128732
491,914,1901
491,850,10202
491,485,128732
491,484,1822
490,450,10067
489,13,61349
489,593,9265
489,513,8540
488,465,3691
488,671,19878
487,232,652
487,325,93584
486,1351,13601
486,101,3009
485,733,576
485,1565,2705
483,208,1505
483,430,8084
483,558,37140
483,414,3568
483,550,13167
483,208,1509
482,499,8365
482,1412,13089
482,1440,24780
480,837,5396
480,2078,45008
480,837,5396
480,524,19181
480,796,13986
480,214,7048
479,269,35298
479,1258,134596
478,2396,31212
478,455,7464
477,828,21656
477,373,10769
477,523,41280
476,1193,29821
476,283,16492
476,886,2719
473,723,4519
473,1790,28433
473,132,50279
473,346,17616
472,218,57445
472,1175,7270
472,917,7067
471,1166,569
470,1223,9595
470,653,7234
469,351,82499
469,714,16566
469,1449,21085
469,1136,45136
468,412,16079
468,568,4630
468,568,4630
468,929,19257
468,710,1372
467,2935,17102
467,784,23147
467,464,4463
467,1327,3568
467,243,4486
466,399,7539
466,441,48354
465,364,3671
465,396,17981
465,104,6977
465,470,64820
465,433,2420
465,658,2720
465,931,8496
464,292,17140
463,581,35261
463,80,44349
463,302,21072
460,1129,14288
458,326,2033
457,221,7782
456,995,42795
456,425,14521
456,995,42795
456,425,14522
456,886,15563
455,1403,3557
455,1403,3557
454,751,10283
453,1282,11879
453,917,6399
453,2609,12451
452,1068,4051
452,231,4736
451,450,2595
450,865,22995
449,630,1625
449,1425,58348
448,168,28207
448,1026,6497
448,453,20658
448,453,20658
448,453,20660
447,2248,14057
446,881,6614
446,290,31064
445,1159,77550
445,433,3286
445,130,36861
444,1062,8294
443,643,5995
443,491,3075
441,513,19122
440,1308,70044
439,534,8920
438,200,4124
438,2078,3582
436,659,45631
435,613,26550
435,464,28385
434,609,34688
434,243,30941
433,1142,3493
432,228,149839
432,228,149851
430,725,148024
430,190,40609
430,373,27290
429,1783,43424
428,1250,71585
428,590,75559
428,1334,13723
427,847,4982
427,460,12600
427,292,34424
426,177,67396
426,938,4274
426,938,4274
426,298,53635
425,760,329985
425,802,46215
423,316,2356
423,683,22282
423,558,42967
422,392,49372
421,369,6017
421,372,15868
420,479,3026
419,324,3614
419,396,1190
419,1073,27070
418,327,13337
418,601,38797
418,380,14182
417,118,41584
417,1604,63509
416,524,149345
415,196,85758
415,569,25490
415,777,6340
415,157,6863
414,1032,5470
413,336,17399
412,564,24081
412,70,3207
411,447,8072
411,306,791
410,354,5936
410,828,3077
409,773,37629
409,773,37629
409,773,37629
408,1011,49972
408,307,18026
408,436,3835
407,115,54646
407,516,14037
407,745,46305
407,417,11959
407,783,16360
406,468,20835
406,1277,8487
406,549,5500
405,643,12662
405,535,1712
405,1064,9560
405,613,1447
405,351,11671
404,1901,4926
404,522,227
403,244,8627
402,1029,4843
401,169,1786
400,474,6860
400,360,21590
400,253,172554
400,601,7008
400,253,172554
399,366,14611
398,172,3433
397,977,40806
396,1387,20667
396,1129,5187
395,1015,4586
395,1177,7013
395,1232,4468
395,363,944
395,409,16223
395,591,28245
395,363,69370
394,22,37350
394,560,8553
393,348,2719
393,30,72623
393,731,37042
393,792,9739
392,836,1736
392,556,13626
391,790,821
391,783,4262
391,678,5207
391,465,3198
391,1826,21286
390,519,11823
390,237,16227
389,395,30601
389,386,319
388,782,15817
388,847,24221
388,265,3907
387,1043,104395
387,1237,29525
387,46,3630
386,370,11870
386,678,2870
385,638,11552
384,1393,5685
383,555,73859
382,275,19345
382,784,1004
382,2279,80057
382,110,3526
382,499,896
380,902,5018
380,308,13024
379,297,15035
379,185,11276
379,225,27278
378,566,3715
378,382,6843
377,304,5205
377,1324,27316
376,567,518
376,1528,1245
375,195,3220
375,1049,23964
375,1070,756
374,165,70921
373,319,31717
373,706,1273
373,812,446
373,319,31727
373,553,11723
372,335,654
372,323,14661
372,1296,6502
371,513,18820
371,100,34733
371,329,1488
371,317,22003
371,1325,9505
371,2481,14073
371,609,7810
371,367,270
371,320,21089
371,435,2301
371,320,21089
370,271,16051
370,573,4251
370,243,41722
369,259,12657
369,379,6006
369,1294,4549
369,299,14097
368,230,6940
367,1012,37127
367,560,4722
367,1204,2430
366,331,13447
366,292,1581
366,1204,2430
366,1780,42352
366,331,13447
365,410,354
365,334,541
365,326,26574
365,460,2936
365,198,20028
364,737,7867
364,544,2589
363,495,10353
363,20,34781
363,20,34781
363,20,34781
363,432,10709
363,468,19486
363,3556,11778
362,525,6223
361,1019,317886
361,1019,317886
361,717,30274
361,1298,14719
360,496,4187
359,341,2136
359,435,1916
359,376,3799
359,435,1916
358,1786,14533
358,61,67484
358,322,29569
358,586,8336
358,346,25113
357,1326,19735
357,611,15297
357,541,31469
357,722,13817
357,612,15298
357,1166,7487
357,532,37205
356,388,20344
356,223,5270
356,647,402
356,679,137
355,259,1457
355,255,45349
355,1231,14093
355,1231,14097
355,1455,6380
355,1231,14097
355,745,10755
355,1231,14097
355,259,4280
355,509,2725
355,1231,14114
354,1392,4382
354,460,35159
354,715,8727
354,230,31955
354,313,27758
353,500,3743
353,500,3743
353,936,80360
353,936,80360
353,936,80360
353,936,80360
353,936,80360
352,667,13486
352,251,11788
351,137,53353
351,357,5806
350,521,14832
350,249,704
349,535,1620
349,495,34300
349,632,13211
348,186,23497
348,185,22768
347,598,2387
347,1403,16330
347,1783,19719
347,287,4242
347,995,15447
347,320,24420
346,232,30569
346,212,150555
346,388,8512
345,66,4060
345,635,6842
345,238,1458
345,1383,5894
345,1238,3038
343,438,12434
343,636,8345
342,508,6647
341,210,837
341,265,2381
341,1542,13536
341,300,12810
341,220,15417
340,761,24667
340,263,6139
340,761,24670
339,589,101775
339,969,6135
339,916,81900
338,67,27733
338,397,45539
338,366,6514
338,455,83121
338,2607,11514
337,447,16384
336,275,5751
336,294,99391
336,275,5751
336,206,40791
335,146,11403
335,760,5128
334,450,16045
334,1040,17067
334,736,6058
334,572,12496
333,935,33278
333,1290,5671
331,1509,26195
331,1900,11854
331,220,785
331,331,3360
331,204,15667
330,593,375083
329,1034,9571
329,485,4833
329,398,64606
329,1035,9573
328,843,9443
328,837,7037
328,259,650
327,254,1854
327,1071,2782
326,270,47320
326,461,2215
326,1862,13655
325,64,24762
325,576,1472
325,157,20730
324,960,6747
324,1158,53162
324,364,1091
323,328,30973
323,478,8797
323,328,30973
323,610,6413
323,283,6834
323,625,2974
322,1420,3785
321,390,233266
321,492,6642
321,590,696
320,242,5946
320,165,2139
320,165,2140
320,775,3516
320,1946,26924
319,351,7339
319,452,1762
319,452,1762
319,1407,10343
319,180,8130
318,806,7598
318,436,2920
318,191,19060
318,811,7365
318,323,19344
318,557,4688
316,103,9398
316,297,471
315,371,5571
315,371,5571
315,446,888
315,582,7307
314,341,3778
314,250,6508
314,1285,4786
314,2046,22204
314,660,571
314,379,8782
314,304,23728
314,318,2063
313,453,29638
312,337,11855
312,615,2552
312,330,11038
312,337,11855
312,323,13880
312,314,13925
311,293,2923
310,77,7102
310,452,5818
309,334,2497
309,143,10778
309,1163,26245
309,865,10509
308,162,210
308,256,23938
307,270,68705
307,310,2790
307,504,4038
307,162,212
307,705,2291
306,302,16499
304,218,39094
304,353,14437
304,685,15255
303,135,297
303,151,16148
301,1408,5653
301,1160,32031
300,67,7070
299,362,19543
299,892,20519
299,367,5793
298,735,19117
298,735,19117
298,135,2061
298,664,3035
297,357,23522
296,77,12820
296,348,6537
296,314,1228
296,388,550
296,460,2611
296,1538,2673
295,509,35396
295,415,4432
295,509,35399
294,315,37430
294,972,3603
294,2162,325085
294,416,13916
293,1353,303855
293,1353,303855
293,368,4534
292,288,400
292,864,7195
292,696,42485
291,630,1637
291,361,10422
291,680,3148
291,3,128533
291,850,31525
291,881,31855
291,466,5928
290,310,1790
290,638,1267
290,386,7076
289,250,7632
289,1286,2286
289,381,154386
289,1782,5292
289,381,154386
288,1084,28163
288,317,16762
288,364,1122
288,1472,792
288,382,22368
288,643,16474
288,605,236502
288,945,9003
288,911,24264
288,2327,13918
286,588,14463
286,167,5641
286,941,3060
285,1213,133
285,707,8427
285,989,29343
285,1229,1588
285,1213,135
284,1976,3308
284,120,36490
284,742,248
284,63,35175
284,434,23576
283,542,1393
283,592,2328
282,1057,2122
282,300,8825
281,101,138198
281,685,3294
279,719,4514
279,380,6786
279,292,12121
279,833,16536
279,833,16536
278,294,3306
278,294,3307
278,294,3307
278,294,3307
278,294,3307
278,294,3307
278,294,3307
278,79,18127
278,670,35856
278,389,400
277,376,4073
277,289,310106
277,1750,82215
277,289,310106
276,1656,7244
276,216,1364
276,652,1441
276,484,4646
276,1736,12772
275,544,4295
275,193,64278
275,190,80
275,394,35780
275,246,4391
275,475,2376
275,460,7098
275,380,26899
274,148,4769
274,315,865
274,1177,4177
274,592,22372
274,319,18833
274,364,16773
274,294,1139
274,242,2233
273,742,3931
272,419,2569
272,163,3288
271,229,27635
271,411,20164
271,302,2113
271,608,109497
271,1762,17677
270,579,2219
270,647,2055
270,1040,2018
269,240,6977
269,1990,9439
269,146,34661
269,223,11307
269,1179,1573
269,223,11309
269,856,28447
268,887,12981
268,203,3461
267,348,17265
267,606,58547
267,676,45281
267,0,47406
267,497,7034
266,155,19286
266,490,608
266,416,2437
266,257,2231
266,333,3666
266,790,8665
266,271,8224
265,278,12865
265,248,72748
265,118,24243
264,496,591
264,134,7829
264,675,2321
263,718,26357
262,423,2773
262,517,89578
262,423,2773
262,670,11289
260,237,2308
260,435,1941
260,2207,12886
260,499,77572
259,289,12190
259,509,108638
259,349,2048
258,541,54813
258,451,13715
258,344,22006
257,261,3164
257,479,61054
257,479,61054
256,343,18498
256,406,530
256,550,9558
255,540,1484
255,471,2773
255,147,18700
255,437,7454
255,147,18700
255,266,11822
254,287,7175
254,229,25639
253,408,5787
253,161,19586
253,818,18557
253,216,18117
252,576,28963
252,623,12203
251,573,11366
251,283,3397
251,700,18522
250,856,7272
250,716,3531
249,630,9595
249,600,9167
249,243,11541
248,1682,10156
248,128,6317
248,1140,483
248,239,14240
247,254,20762
247,615,4163
247,723,2964
247,1097,1708
247,615,4163
246,587,60576
246,1830,5635
246,153,43478
246,268,393
245,370,4561
245,1993,5306
245,291,8243
245,940,5027
245,336,8640
245,33,351
244,224,106
244,608,11070
244,764,5651
244,329,1121
244,243,2849
243,192,1269
243,812,22276
242,344,14314
242,478,36657
242,344,14317
242,375,5368
241,1360,5719
240,193,24144
240,537,21524
240,727,6099
239,259,9830
239,602,3559
239,259,9830
239,394,1047
239,228,7939
238,268,6474
238,667,7697
238,456,2288
238,201,2996
238,13,47293
237,131,18274
237,1116,9458
237,3699,840
237,289,106052
237,256,1840
236,1178,12737
236,213,16744
236,84,2263
236,84,2263
235,372,135501
235,372,135501
235,372,135501
235,372,135501
235,252,12965
235,406,1267
235,191,557
234,380,10451
234,339,2301
234,198,2229
233,710,4652
233,390,5448
232,251,320
232,646,4383
232,294,3369
232,1844,1785
232,169,17496
232,1100,10705
232,251,320
232,129,5948
231,903,22335
231,903,22335
231,1844,1784
231,220,8145
231,301,19095
231,378,1564
231,224,18421
231,367,3524
231,921,20736
231,976,3554
231,391,1330
231,1114,86987
231,903,22351
231,456,9102
230,762,16267
230,694,34918
230,762,16269
230,326,3384
230,762,16269
230,199,177
230,1509,42018
229,103,5655
228,987,6955
228,374,28684
228,124,14401
228,217,1121
228,684,47442
228,535,15666
227,182,4235
227,84,17768
227,290,5249
226,839,467
226,176,2045
226,1344,1960
226,461,338
226,300,4352
226,380,3483
226,422,41900
225,633,2919
225,343,8233
225,227,1278
225,353,32740
224,658,10963
224,237,4918
224,1090,1005
224,582,16755
224,736,4328
224,223,15539
223,153,1905
223,28,59125
223,369,11639
223,865,3026
222,417,10948
222,411,3375
222,800,4921
222,784,13793
222,1228,16657
221,1028,7503
221,1346,9353
221,1346,9353
221,599,3787
220,223,2279
220,284,3829
220,1899,1133
219,546,18196
219,289,3725
219,274,61115
219,1047,4515
218,96,104728
217,811,20685
217,1293,300353
217,268,140
217,366,16546
217,831,549
216,1315,3865
216,369,17812
216,171,7582
216,274,5951
216,441,269
216,147,47885
215,1175,17381
215,239,4398
215,516,2143
215,1,37871
215,292,2060
215,240,11526
215,383,6711
214,276,13714
214,359,8044
214,336,11057
213,271,16978
213,233,10921
213,102,13294
213,233,10921
213,22,6016
212,1599,51674
212,558,10608
212,253,621
211,177,42369
211,280,6762
211,183,21034
210,217,1029
210,573,12356
210,283,1612
210,83,16113
210,584,9863
210,584,9866
209,193,21181
209,247,7829
209,397,2872
209,894,24148
208,829,5349
208,829,10721
208,221,21588
208,347,619
208,227,9831
207,641,872
207,705,5617
207,184,15675
207,714,18904
207,219,932
207,191,62357
206,1584,19194
206,849,907
206,425,3287
206,217,9119
206,217,9119
206,177,3234
206,280,407
206,425,3287
206,276,5701
205,665,5209
205,723,5391
205,161,4443
205,44,7108
205,1431,2397
205,665,5209
204,21,351
204,247,3305
203,1047,2460
203,155,20979
203,290,3951
203,441,1204
203,256,14919
203,425,1385
203,148,11632
202,173,2103
202,126,2095
202,1500,18451
201,237,3829
201,509,9174
201,463,6260
200,235,604
200,208,188
200,1447,393
200,226,786
200,502,44410
200,64,9609
200,1447,397
200,1066,20116
199,1379,5245
199,177,363
199,423,7305
199,161,1224
199,415,5215
199,339,24814
199,121,4810
199,1353,9854
199,262,45063
199,2053,9132
198,799,16290
198,426,5081
198,265,1374
198,352,9893
197,126,52693
197,193,3683
197,544,2326
197,378,32139
196,592,22655
196,366,5401
196,711,3838
196,157,598
196,142,550
195,472,5450
195,637,814
195,464,10434
195,814,12661
195,380,6096
195,464,10435
195,361,293
194,1309,2822
194,174,6072
194,150,14685
193,614,14564
193,875,3005
193,614,14568
192,87,18466
192,342,6586
192,173,19241
192,54,6338
191,363,2574
191,1380,3847
191,844,756
191,993,1046
191,256,629
190,500,14955
190,350,2780
190,193,366
190,280,11028
190,483,2404
190,361,4723
190,189,335
189,721,2320
189,192,859
189,76,59079
189,319,4538
189,442,6150
189,306,865
188,108,28833
188,140,37498
188,2443,4529
188,2443,4529
188,76,6223
188,75,1555
188,2443,4531
187,167,46432
187,217,518
187,217,9419
187,175,3149
186,506,1144
186,190,2388
186,342,3884
186,75,20051
186,76,1002
186,237,2930
186,1324,7442
186,252,509
186,258,10624
185,223,35624
185,411,30660
185,254,16646
185,579,106994
185,186,776
184,321,14625
184,71,19414
184,321,14626
184,130,3621
183,167,1991
183,466,2217
182,226,15183
182,244,18058
182,439,2103
182,929,29412
181,97,1031
181,148,39043
181,140,11456
181,206,2729
180,1057,13067
180,121,4076
180,434,1365
180,617,5345
180,852,12473
179,324,5221
179,238,142
178,301,7247
178,546,10483
178,457,818
178,230,6522
177,105,11145
177,238,754
177,97,4702
177,213,3585
177,238,755
177,204,17460
176,326,1279
176,212,746
176,98,18278
176,220,17021
176,248,863
176,207,1473
176,537,1939
175,224,2380
175,320,1297
175,576,10973
175,664,10398
174,1102,14172
174,336,34136
174,219,3611
174,192,856
173,459,1306
173,167,15122
172,1182,3351
172,477,13999
172,477,14000
172,439,15780
172,1182,3353
172,439,15780
172,618,15198
172,1144,4498
172,141,13975
171,388,9375
171,173,381
171,348,43056
171,274,239
171,424,8053
171,82,10982
170,184,5721
170,432,1284
170,810,3673
170,1069,5183
170,94,40755
170,45,8345
169,250,836
169,1012,12392
169,1012,12394
169,1012,12394
168,162,3376
168,121,48097
168,869,4333
168,162,3376
168,209,25780
168,400,165128
168,183,234
168,216,17613
168,167,6559
168,171,1877
167,206,841
167,523,2787
167,160,5708
167,2779,9482
167,482,1105
166,332,3297
166,332,3297
166,65,2738
166,1,89742
166,158,577
165,425,11540
165,496,6208
165,496,6208
165,127,680
165,139,3228
165,496,6208
165,496,6208
165,653,5733
165,155,444
165,154,498
164,373,25285
164,45,5605
164,2177,31156
164,836,17557
164,281,2666
164,343,1936
164,23,4164
164,423,456
164,862,11888
164,275,1091
164,339,14125
164,23,4165
164,259,2076
164,354,1540
163,432,2545
163,138,16059
163,146,4153
163,260,2057
162,33,10873
162,152,17668
162,1025,5868
162,727,483
161,136,2468
161,106,3791
161,256,15697
161,276,80519
161,289,5076
161,529,12429
161,113,12661
161,818,5196
160,401,1919
160,587,65040
160,152,7323
160,358,18896
160,161,34576
160,152,7324
160,273,10108
160,191,2005
160,152,7324
159,1309,1567
159,101,10302
159,433,16065
158,274,2845
158,161,7150
158,231,10964
158,274,2845
158,141,56188
158,1758,4206
157,645,5597
157,184,19119
157,589,5472
157,572,1201
157,663,47290
156,672,530
156,339,11578
156,140,504
156,606,4063
155,91,25285
155,364,1928
155,1905,10733
155,181,73155
155,643,4196
155,390,23379
154,1454,34911
154,528,8625
153,196,19610
153,238,6492
153,366,36461
153,137,15501
153,43,18078
153,300,29350
153,576,42411
153,331,25537
152,291,7814
152,299,4421
152,1903,1400
152,222,10208
152,224,1112
152,374,60394
152,254,2340
152,447,7578
152,311,5186
152,311,5186
151,306,17281
151,487,791
151,99,13260
151,212,2802
150,957,4694
150,611,32206
150,148,5189
150,565,280
150,88,9695
150,1162,5432
150,168,3820
150,900,1328
150,139,10754
150,351,6758
150,416,8802
149,469,48720
149,210,575
149,91,766
149,1031,3812
149,613,4849
149,1031,3813
149,512,2084
148,1406,30219
148,173,2438
148,1406,30219
148,129,7953
148,312,10268
148,131,4593
148,365,29796
148,571,2299
147,179,5204
147,121,7425
147,411,39768
147,390,3195
147,144,3614
147,296,3250
147,172,17108
147,293,113
146,213,1765
146,867,939
146,249,1487
146,226,7442
145,148,896
145,831,1562
145,318,392
144,184,1016
144,312,1569
144,171,14519
144,239,13522
143,212,30923
143,212,30923
142,263,1991
142,72,43859
142,157,1649
142,2281,6752
142,532,1814
142,176,4687
142,131,4397
141,604,38637
141,436,6968
141,87,5388
141,546,10865
141,484,1399
141,255,6697
140,147,22097
140,398,1283
140,308,2245
139,161,1106
139,100,2527
139,752,5805
139,548,13072
139,130,14135
139,1544,2935
138,367,1318
138,333,42537
138,683,4626
138,287,3931
138,141,6773
138,335,15083
137,368,1558
137,12,198975
137,236,6248
137,367,3753
137,298,4321
136,64,5239
136,675,5457
136,125,8689
136,402,1109
136,311,2450
136,646,9106
136,164,2253
135,170,75
135,64,20458
135,218,959
135,299,14035
135,218,891
135,2299,6511
135,64,20458
135,1651,17693
135,1712,4614
134,160,85436
134,574,331
134,205,1858
134,218,12313
134,144,5400
134,1655,2579
134,320,36274
134,110,571
134,174,5503
134,788,4083
133,172,206
133,893,2112
133,304,5899
133,545,9804
133,45,811
133,167,12630
133,893,2112
133,178,3705
133,119,19798
133,1840,2678
133,128,1744
132,160,31388
132,402,2192
132,516,120
132,229,4053
131,350,9412
131,1038,15804
131,674,2329
130,284,18166
130,310,5686
130,870,41628
130,245,1701
129,309,3098
129,25,4568
129,230,73989
129,164,15810
129,428,43261
129,200,2972
129,158,1277
128,331,1999
128,535,42
128,63,1929
128,179,258
128,260,6457
128,221,3325
128,713,190697
128,331,2002
127,291,11256
127,47,16197
127,377,30034
127,131,7135
127,183,15344
126,181,250
126,931,1495
126,385,75145
126,445,17686
125,296,19078
125,383,3717
125,377,13054
125,491,2881
125,309,21745
125,106,4184
124,100,659
124,131,1046
124,479,1482
124,366,655
124,180,12607
123,140,14405
123,246,13886
123,317,9739
123,544,42
123,630,7087
123,123,652
123,232,5895
123,549,2092
122,96,7334
122,81,902
122,42,2888
122,324,1788
121,55,213
121,543,10014
121,304,766
121,111,36867
121,352,15199
120,507,657
120,210,4755
120,381,16036
120,390,2093
120,213,1739
120,260,14895
120,368,17519
119,150,6576
119,414,2066
119,269,966
119,211,1115
119,204,4193
118,1419,1330
118,937,46
118,307,1566
118,208,51716
118,500,12535
118,344,850
118,396,4323
118,200,736
118,293,36850
117,248,5203
117,1126,1778
117,1206,22648
116,511,2520
116,391,928
116,251,1052
116,520,1244
116,96,5045
115,741,13386
115,863,19807
115,355,17404
115,769,19950
115,390,7773
115,276,10817
115,773,2790
114,164,6233
114,918,41927
114,219,322
114,197,18741
114,890,2384
114,122,4178
113,273,3560
113,214,2765
113,245,261
112,110,235
112,376,2231
112,238,1757
112,486,6085
112,152,1467
112,118,1382
112,153,4950
111,217,614
111,340,5141
110,92,3128
110,203,721
110,108,3399
110,121,3273
110,385,696
110,291,1499
110,90,1505
110,89,13362
110,894,5903
110,364,8576
110,19,5600
109,293,23440
109,116,305
109,326,47057
109,116,305
109,893,9326
109,106,4638
108,2,28000
108,269,6109
108,295,10776
108,1707,9248
108,171,13146
108,85,6673
107,62,990
107,181,2051
107,627,10983
107,918,38156
107,145,27260
107,209,15130
106,54,7297
106,664,5761
106,355,6064
106,299,1283
106,109,10453
106,188,351
106,114,5535
106,156,47979
106,184,9573
105,222,876
105,171,68545
105,591,2603
105,164,11123
105,2155,8815
104,611,90610
104,87,3009
104,300,1326
104,414,2024
104,646,14699
104,669,5138
104,646,14701
104,92,302
104,185,3466
104,1083,1319
104,174,221
103,1400,10558
103,399,11760
103,360,13672
103,346,18150
103,360,13676
103,221,10922
103,140,8634
102,98,11122
102,517,3280
102,109,1493
102,160,10347
102,393,2267
102,395,396
102,125,2356
101,199,7997
101,212,1211
101,66,868
101,396,11055
101,189,22566
101,183,1335
101,212,2817
101,392,2689
101,1072,23164
101,199,8000
101,93,21505
101,199,8001
101,210,560
100,299,8573
100,733,20849
100,397,9642
100,397,9642
100,294,4202
99,167,4966
99,236,302
99,535,969
99,195,502
99,475,4446
99,132,79
99,308,2424
99,162,1651
99,343,770
98,578,7482
98,224,1438
98,111,6643
97,174,7501
97,345,9254
97,202,2182
97,181,2597
97,296,11450
97,496,26741
96,384,3127
96,103,1012
96,158,8083
96,58,1086
96,147,25622
96,259,26873
96,64,11456
96,789,5300
96,77,47679
96,2988,12488
96,779,3927
96,386,1069
96,176,419
95,214,4314
95,358,22691
95,98,15806
95,40,1033
95,364,4839
94,140,21395
94,228,65051
94,228,65052
94,186,18369
94,556,2801
94,372,9457
93,83,55929
93,271,18539
93,69,1288
93,261,7692
92,98,3082
92,186,3243
92,954,2019
92,495,386
92,754,4668
92,105,172
92,103,720
92,457,1013
92,87,1377
91,94,1175
91,131,3725
91,268,12539
91,54,750
91,1121,3381
90,301,20464
90,301,20468
90,654,9635
90,142,2731
90,391,7683
90,303,5699
90,212,3470
90,224,35360
89,507,2666
89,141,581
89,124,266
89,288,7365
89,51,108
89,155,15747
89,641,6816
89,131,1143
89,271,5897
89,897,150
88,143,4446
88,118,221
88,336,2500
88,698,5716
87,200,14256
87,68,589
87,200,14256
87,204,16021
87,149,1953
87,200,14259
87,267,6844
87,222,657
87,322,2663
87,399,75408
87,223,3665
87,229,2463
86,446,14878
86,481,20092
86,93,397
86,382,9954
86,148,5502
85,333,994
85,217,3915
85,197,365
85,124,2019
85,109,1275
85,293,2358
85,269,598
84,385,6905
84,994,6605
84,31,56017
84,272,228
84,92,10127
84,1014,18070
84,333,1457
84,145,6795
83,102,4819
83,2339,220
83,191,7854
83,38,1095
83,126,35667
83,286,5462
82,531,3711
82,272,367
82,446,429
82,247,1596
82,363,2406
82,857,1259
82,233,5540
82,298,1141
82,82,5295
81,544,2893
81,110,9549
81,151,336
81,161,4737
81,232,1557
81,58,28079
80,109,16384
79,129,2167
79,824,5550
79,316,3685
79,443,3127
78,215,1682
78,184,11889
78,31,38012
78,535,315
78,94,3666
78,75,777
78,109,2456
78,215,1684
77,42,13748
77,96,305
77,223,1560
77,122,4467
77,855,7194
77,255,14173
77,99,831
77,293,4708
77,99,832
76,260,112
76,48,601
76,278,7236
76,155,2842
76,157,13606
76,177,1922
75,121,1539
75,1400,1315
75,325,7878
75,164,5828
75,2006,13271
75,812,8048
75,169,467
75,608,18756
75,247,1908
74,340,864
74,524,1303
74,222,2792
74,330,724
74,319,607
74,556,824
74,311,25217
73,137,927
73,69,206
73,801,1423
73,56,5201
73,40,1193
72,286,12984
72,1576,1862
72,102,1113
72,139,7041
72,465,931
71,64,3384
71,190,5385
71,261,4988
71,187,30385
71,428,584
71,615,3654
70,374,2491
70,62,1721
70,47,9237
70,492,8896
70,62,1722
70,72,8516
70,92,7147
70,426,2584
70,285,6539
70,133,862
69,162,368
69,332,2997
69,452,260
69,79,5068
69,833,108730
69,63,9536
69,169,1246
69,172,2708
69,150,471
69,71,1916
69,685,10418
68,373,2487
68,200,1558
68,126,1235
68,32,739
68,228,2646
68,268,3161
68,549,2719
68,78,5047
68,686,4180
68,1563,9733
67,244,1730
67,36,20698
67,852,2527
67,187,6362
67,356,19084
67,976,1985
67,417,851
67,88,345
67,282,38459
67,852,2528
66,181,805
66,511,822
66,374,2601
66,289,1363
66,134,1262
66,137,5094
66,88,7209
66,100,13041
65,100,1248
65,94,244
65,528,186
65,70,17303
65,273,17818
65,22,9929
65,94,2244
65,80,4722
64,507,1211
64,77,5101
64,275,15950
64,166,407
64,67,10650
64,116,1564
64,70,1705
64,257,28484
64,384,29262
64,50,315
64,209,1159
64,507,1213
63,538,2313
63,193,2012
63,261,5741
63,371,824
63,315,1289
63,255,2672
63,1607,4460
62,378,258
62,137,807
62,82,498
62,417,1158
62,35,806
61,241,15239
61,285,402
61,333,12633
61,189,1177
61,223,6197
61,553,8667
61,189,1182
61,189,1188
60,71,1426
60,836,4435
60,239,3654
60,162,3931
60,496,3163
59,468,8426
59,424,3026
59,306,1348
59,389,5995
59,106,2626
59,146,1076
59,181,2406
59,251,6817
58,186,18805
58,149,1591
58,88,423
58,225,15515
58,100,1991
58,174,5179
57,46,3038
57,52,1646
57,151,4283
57,41,24083
57,297,208
57,74,114
57,242,3984
57,125,17
57,64,1130
57,803,723
57,86,426
57,151,1579
57,52,12503
57,80,265
57,262,2688
56,273,1882
56,34,1822
56,226,16342
56,215,22348
56,171,376
56,1,2337
56,75,2094
56,158,483
56,191,3873
56,110,210
56,250,5275
55,127,1282
55,122,9423
55,1155,463
55,373,7338
55,125,3519
55,124,82
55,510,542
55,85,11576
55,140,372
55,376,2082
55,262,1016
55,48,12918
55,71,1350
55,181,1918
55,131,218
55,846,85002
55,196,2748
54,237,15150
54,303,19
54,126,377
54,303,8648
54,123,760
54,200,659
53,333,1969
53,179,7698
53,99,1663
53,594,1481
53,523,1744
53,130,1919
53,48,671
53,95,1263
53,485,1103
53,69,5849
53,241,350
53,287,2104
53,70,269
53,50,1873
52,403,171
52,177,2112
52,210,816
52,65,89
52,209,1749
52,129,1555
52,145,674
52,351,5997
52,231,17259
51,118,3958
51,764,10100
51,696,174
51,206,2472
51,214,353
51,100,516
51,196,142
51,163,885
51,338,1449
50,114,1407
50,288,3988
50,354,1586
50,52,213
50,12,576
50,97,57
50,139,625
50,679,842
50,316,20690
50,262,5662
49,382,1577
49,47,4631
49,201,5316
49,190,4392
49,47,4634
49,111,4828
49,293,14382
49,133,330
49,52,4466
49,89,1234
49,468,3722
49,151,9620
49,579,1059
49,361,2053
49,132,596
49,470,17568
49,190,4393
48,516,2185
48,254,5088
48,102,2525
48,43,304
48,88,5980
48,123,2683
48,254,40041
48,332,4533
48,343,946
48,89,462
48,156,8915
47,184,57763
47,332,5074
47,3,229684
47,74,15391
47,127,767
47,277,443
47,53,22162
47,186,25915
47,53,22162
47,53,22162
47,357,9066
46,59,22448
46,112,8681
46,122,12039
46,59,22448
46,166,1262
46,442,2299
46,146,1983
46,101,17833
46,80,8402
46,108,6490
46,255,1533
46,410,2194
46,203,4300
46,56,2418
46,21,236
46,148,13194
45,127,1730
45,91,3234
45,195,1968
45,591,3723
45,149,20083
45,62,436
45,212,3469
45,591,3723
45,73,2194
45,77,2838
45,85,10826
45,149,20095
44,184,108
44,41,2690
44,204,1222
44,133,4647
44,66,97
44,116,736
44,35,4739
43,196,870
43,106,1950
43,187,3959
43,87,23
43,48,30
43,177,258
43,134,247
42,514,619
42,229,96
42,95,582
42,131,758
42,250,8045
42,250,437
42,217,1652
42,58,742
42,420,1493
42,120,789
42,129,1506
42,420,1496
42,142,565
41,214,849
41,132,523
41,157,217
41,113,1660
41,139,1116
41,264,54304
41,300,7345
41,2,15578
41,155,1016
41,826,629
41,397,5661
41,376,9555
41,240,965
41,155,1016
41,89,390
40,30,154
40,348,529
40,33,40
40,46,274
39,174,562
39,43,3131
39,128,1601
39,228,1121
39,643,2871
39,254,31
39,187,110
39,57,566
39,39,174
39,198,3531
39,643,2879
39,185,55
39,87,71
39,59,114
38,106,7225
38,471,1609
38,128,8987
38,273,827
38,40,949
38,104,95
38,104,5661
38,231,1474
38,321,11584
38,21,70
37,586,1066
37,313,1076
37,152,3616
37,252,7213
37,81,668
37,80,5371
37,96,3233
37,134,3267
37,17,4877
37,135,613
37,109,1587
37,153,3358
37,46,1189
37,52,56018
36,145,1607
36,713,9900
36,780,299
36,202,154
36,508,969
36,305,1887
36,291,3101
36,69,4138
35,216,1225
35,246,961
35,54,906
35,357,1615
35,90,30306
35,277,4106
35,371,2214
35,255,2129
35,109,1796
35,83,77
35,78,414
35,94,773
35,131,14327
34,150,1930
34,59,699
34,171,1247
34,336,1695
34,331,3051
34,125,10557
33,354,1637
33,96,1065
33,20,1156
33,96,1065
33,239,5416
33,140,88
33,305,241
33,167,7305
33,161,66
33,48,87
33,444,1200
33,535,864
33,82,197
33,233,120
33,97,1072
33,71,1350
32,329,6057
32,24,11852
32,256,548
32,146,909
32,84,513
32,276,670
32,143,709
32,28,1997
32,62,24341
31,183,686
31,313,2064
31,365,862
31,171,2475
31,92,1943
31,19,83250
31,123,66
31,181,263
31,432,6317
31,101,50
31,63,173
31,43,32122
30,140,750
30,286,974
30,222,899
30,315,3840
30,386,364
30,318,1225
30,96,573
30,232,1193
30,473,1313
29,546,897
29,282,20974
29,141,671
29,173,1780
28,415,19
28,208,1335
28,286,2962
28,297,708
28,159,1429
28,114,1068
28,74,3726
28,52,924
28,318,10144
27,73,1563
27,82,89
27,148,628
27,47,701
27,171,1488
27,79,112
27,189,154
27,99,188
27,295,2038
27,248,7228
27,131,1822
27,68,841
27,118,3221
26,309,376
26,39,3219
26,7,85959
26,39,3219
26,6,330031
26,180,370
26,1623,938
26,24,2666
26,34,239
26,120,355
26,338,950
26,39,3219
25,138,826
25,459,3893
25,69,669
25,225,3883
25,876,110014
25,494,3322
25,142,279
25,125,835
25,201,11341
25,309,2104
25,110,1712
25,176,348
25,38,793
24,55,490
24,655,649
24,398,992
24,180,1556
24,197,2819
24,67,57
24,57,652
24,102,5032
24,116,97
24,286,3213
24,74,833
24,97,2976
24,96,183
24,110,3164
24,80,760
24,57,443
23,303,1250
23,30,274
23,124,192
23,142,1025
23,55,1805
23,56,6178
23,139,283
23,183,670
23,119,809
23,49,382
23,358,921
23,301,565
23,165,1517
23,219,246
23,95,5621
23,100,1597
22,132,1214
22,26,151
22,187,1422
22,159,371
22,51,2392
22,142,3400
22,227,2016
22,104,899
22,167,878
22,132,1216
21,165,669
21,41,748
21,90,1216
21,44,4503
21,37,920
21,195,778
21,107,122
21,204,8421
21,228,329
21,195,778
21,125,16796
21,75,419
20,271,855
20,113,1301
20,78,1693
20,191,509
20,163,759
20,52,178
20,819,489
20,113,557
20,293,42
20,71,266
20,468,174
20,114,7780
20,179,15
20,153,579
19,361,182
19,193,1773
19,101,669
19,101,268
19,81,46
19,150,661
19,238,264
19,12,739
19,152,2070
19,92,386
19,417,2166
19,153,265
19,164,17594
18,128,216
18,38,4726
18,26,1045
18,44,928
18,99,10233
18,110,2948
18,137,139
18,0,214286
18,44,928
18,146,485
18,26,1047
18,60,1836
18,50,280
18,44,928
18,99,10236
18,53,791
18,42,466
18,336,505
18,49,556
18,324,553
18,263,1714
18,15,91
18,27,564
18,60,1836
18,99,10237
17,248,1799
17,57,115
17,98,40
17,36,141
17,229,676
17,238,92
17,164,52
17,68,529
17,98,40
17,229,676
17,256,132
17,266,319
17,620,11957
16,45,2501
16,66,2306
16,88,233
16,185,8387
16,239,486
16,69,28
16,169,80
16,88,235
16,45,2504
16,120,211
16,163,223
16,75,7
16,162,475
16,79,997
16,24,62
16,39,324
16,28,251
16,16,1883
15,11,4386
15,52,942
15,373,577
15,134,1056
15,21,49
15,552,8137
15,162,1307
15,182,668
15,162,212
15,53,2013
15,100,2852
15,73,1222
15,97,375
15,66,40
15,164,194
14,28,216
14,131,50
14,386,1133
14,100,6123
14,85,107
14,75,504
14,76,3376
14,99,246
14,247,557
14,248,10174
13,50,901
13,175,840
13,11,394
13,106,238
13,99,567
13,182,41
13,102,313
13,89,212
13,319,30055
13,93,11
13,87,664
13,67,1356
13,63,2439
12,103,234
12,246,494
12,59,216
12,67,351
12,426,4278
12,73,241
12,67,1125
12,32,172
12,108,587
12,61,184
12,636,140
11,37,249
11,91,87
11,154,10499
11,23,723
11,78,846
11,25,368
11,28,1516
11,12,113
11,54,4421
11,41,446
11,97,95
11,134,196
11,59,121
11,319,101
11,4,1430
11,78,245
11,103,945
11,4,1459
11,23,273
11,250,660
10,124,3225
10,231,32
10,112,1100
10,70,20
10,41,136
10,42,261
10,95,209
10,112,1100
10,11,9
10,54,85
10,21,30
10,117,55667
10,68,2902
10,99,835
10,42,18
10,374,4307
9,34,314
9,53,243
9,43,466
9,237,1620
9,97,91
9,53,684
9,35,30
9,87,76
9,0,86473
9,144,137
9,75,322
9,225,680
9,29,163
9,29,1311
9,342,234
8,30,2171
8,170,393
8,4,377
8,154,3
8,33,732
8,50,55
8,14,280
8,99,679
8,39,338
8,47,296
8,97,789
8,111,182
8,61,29
8,46,783
8,46,783
7,201,555
7,266,531
7,243,3414
7,239,387
7,47,636
7,57,1293
7,201,556
7,52,1491
7,96,209
7,3,515
7,21,6410
7,28,101
7,81,249
7,10,183
7,69,468
7,182,14
7,207,152
6,118,21
6,68,774
6,957,73
6,177,3081
6,10,20
6,74,109
6,27,13
6,97,1316
6,6,75
6,28,80
6,54,1661
6,10,20
6,53,598
6,52,131
6,113,162
6,71,1930
6,40,387
6,114,313
6,19,40
6,44,92
5,154,74
5,35,137
5,82,815
5,18,990
5,18,1075
5,223,483
5,223,483
5,117,1653
5,59,27
5,223,483
5,60,88
5,173,1445
5,62,71
5,47,616
5,109,241
5,223,484
5,5,243
5,13,142
5,31,4167
5,41,530
5,175,28792
4,128,101
4,22,453
4,19,254
4,5,8
4,6,279
4,310,1590
4,198,123
4,90,401
4,127,344
4,110,322
4,3,541
4,28,42
4,5,34
4,96,4456
4,65,444
4,11,69
4,78,7
4,78,111
4,57,41
4,63,7585
3,35,96
3,54,1566
3,89,101
3,161,139
3,16,212
3,30,24
3,19,52
3,12,43
3,66,5248
2,33,221
2,82,85
2,26,231
2,12,43
2,19,959
2,15,222
2,1,88
2,158,2430
2,12,43
2,120,10
2,26,669
2,42,814
2,51,23
2,6,10
2,0,12605
2,10,204
2,2,1004
2,28,428
2,64,76
2,92,26
2,40,187
2,35,45
2,65,1016
2,16,57
2,72,143
2,44,57
2,7,62
2,71,132
2,32,126
2,5,78
2,3,13
2,35,125
2,16,16
2,8,17
1,50,196
1,1,32
1,106,1224
1,45,6295
1,41,71
1,0,82
1,51,5
1,0,1
1,104,421
1,44,85
1,20,145
1,73,95
1,159,20
1,38,156
1,10,11
1,8,63
1,37,11
1,21,29
1,13,1097
1,26,29
1,20,112
1,55,436
1,3,1
1,19,4
1,46,992
1,28,68
0,25,29
0,44,52
0,23,8
0,11,9
0,0,6
0,0,31
0,1,11
0,31,281
0,48,26
0,8,261
0,1,107
0,0,1
0,11,1
0,51,9884
0,0,3
0,24,42
0,26,7
0,11,51
0,81,1903
0,17,575
0,26,15
0,136,27
0,24,42
0,20,6
0,27,21
