followers_count,friends_count,statuses_count
122,96,7334
1199,3392,31143
634,795,23838
42,514,619
539,116,9931
3569,3852,4359
552,1138,4715
8166,224,26898
198,799,16290
61,241,15239
7399,8156,85761
100,299,8573
320,242,5946
46,59,22448
5,154,74
1640,168,37881
191,363,2574
67,244,1730
604,862,26221
2,33,221
2460,698,527
3070,3360,6336
601,193,19315
1083,923,17778
1242,1222,18526
382,275,19345
166,332,3297
1995,2128,14068
3128,1650,5435
57,46,3038
68,373,2487
696,487,25041
7363,5556,36721
107,62,990
63,538,2313
7480,4800,172361
236,1178,12737
0,25,29
4859,3176,2953
24711,21001,71921
13,50,901
215,1175,17381
777,2797,103497
502,509,1291
60,71,1426
8,30,2171
190,500,14955
26,309,376
82,531,3711
104,611,90610
1745,3812,7727
758,1772,43261
2,82,85
144,184,1016
86,446,14878
14029,15408,183240
6,118,21
166,332,3297
467,2935,17102
920,771,21843
69,162,368
705,1293,10390
14,28,216
1040,518,127742
99,167,4966
748,810,5353
589,602,5907
323,328,30973
278,294,3306
5426,5964,94690
31003,32915,673445
192,87,18466
4052,4976,51268
2476,3480,10566
45,127,1730
515,956,4055
10663,11726,136295
692,1239,31560
82,272,367
84,385,6905
1342,1691,45042
15,11,4386
1423,2731,21121
5011,5009,321647
1363,396,9401
97,174,7501
199,1379,5245
63,193,2012
10911,4972,14076
268,887,12981
238,268,6474
81,544,2893
2281,1289,51933
2910,2979,107113
14619,460,4586
967,967,222737
828,534,249256
3223,1960,110590
456,995,42795
1,50,196
77,42,13748
3099,4068,584923
12286,12290,88304
670,1165,14937
1338,1946,11769
11,37,249
64,507,1211
956,1142,14701
180,1057,13067
217,811,20685
343,438,12434
33,354,1637
264,496,591
186,506,1144
18993,18831,359673
63,261,5741
310,77,7102
226,839,467
5666,4983,239894
465,364,3671
76,260,112
1065,2031,92694
47448,45553,153945
4,128,101
1564,1485,2516
275,544,4295
710,534,54435
4521,985,124642
395,1015,4586
11,91,87
1114,2127,10189
3483,4986,118133
1126,1459,154602
527,268,49404
4151,4938,91131
1049,833,231472
0,44,52
38,106,7225
8,170,393
489,13,61349
39630,38271,77136
150,957,4694
101,199,7997
668,1667,2555
1130,986,4208
588,569,129418
24,55,490
95,214,4314
207,641,872
3109,4560,3563
1556,1879,103457
24526,2226,14760
203,1047,2460
3246,3006,61733
370,271,16051
526,503,62616
1875,591,158827
353,500,3743
2314,522,8821
669,1453,8618
963,2376,69908
206,1584,19194
279,719,4514
304,218,39094
530,1359,2487
28421,29366,32695
405,643,12662
5499,2651,15876
43283,17222,49368
386,370,11870
2430,2662,7470
3749,4981,29537
10,124,3225
4,22,453
2284,380,29852
1497,2405,2219
110,92,3128
764,342,18304
227,182,4235
338,67,27733
3596,2367,596490
17998,4664,254390
978,3611,5882
4588,3839,19561
230,762,16267
160,401,1919
12,103,234
5709,5172,22731
1850,4999,8511
57,52,1646
133,172,206
52,403,171
7033,7490,211574
18,128,216
2001,1954,21573
1903,2136,39967
152,291,7814
90,301,20464
68,200,1558
244,224,106
9993,10897,80153
8,4,377
77,96,305
3373,1410,20718
101,212,1211
1180,417,89661
19,361,182
51,118,3958
92,98,3082
6368,6989,78740
67,36,20698
137,368,1558
688,2131,78348
927,946,78403
6,68,774
1092675,42,169961
15074,5069,110913
1198,892,86749
1095,1497,31033
22194,20477,27076
15,52,942
73,137,927
6071,6601,381097
110,203,721
55,127,1282
140,147,22097
785,787,5970
699,1169,628
87,200,14256
150,611,32206
10,231,32
5,35,137
15743,15884,158206
683,1661,24854
808,2310,50782
482,499,8365
121,55,213
255,540,1484
2429,4507,31355
229,103,5655
4827,2715,33904
1404,899,44000
267,348,17265
94,140,21395
858,1877,54631
175,224,2380
9252,10149,31926
82,446,429
324,960,6747
21258,23140,55190
7,201,555
37,586,1066
1389,3325,4394
1575,1739,4007
1138,490,7746
1992,1724,1121
78,215,1682
817,787,29505
797,154,42994
467,784,23147
0,23,8
360,496,4187
3173,2962,42377
539,723,27110
110,108,3399
266,155,19286
444,1062,8294
8420,8234,44818
57,151,4283
641,771,12667
3921,402,155082
16,45,2501
6570,6161,246821
891,89,31630
875,598,63298
807,744,11585
54,237,15150
574,580,83344
5708,5933,449690
1027,926,28944
195,472,5450
1822,1993,8256
410,354,5936
1768,4985,92362
24,655,649
1724,193,15117
5275,539,2625
15741,4504,84761
669,1883,10472
331,1509,26195
110081,37615,226119
516,947,3651
314,341,3778
445,1159,77550
6936,2636,4834
647,789,8569
50,114,1407
278,294,3307
129,309,3098
1089,966,59406
23305,646,79768
107,181,2051
153,196,19610
1940,1972,21932
137,12,198975
9,34,314
103,1400,10558
285,1213,133
1010,2067,5505
559,499,81073
31,183,686
194,1309,2822
745,755,2994
807,744,11585
551,800,39912
576,833,4464
192,342,6586
86,481,20092
7,266,531
345,66,4060
236,213,16744
2447,746,28696
2711,4006,790481
4048,4670,20993
279,380,6786
379,297,15035
516,296,29298
817,795,18697
1643,2609,69285
449,630,1625
262,423,2773
998,988,2376
41,214,849
345,635,6842
19,193,1773
870,1006,12205
6035,6576,64367
34,150,1930
292,288,400
5,82,815
857,818,20765
1263,23,41486
1904,209,11029
2731,2260,97863
704,2641,77439
298,735,19117
399,366,14611
380,902,5018
569,162,16583
64,77,5101
23,303,1250
121,543,10014
578,666,184828
275,193,64278
3744,4040,75971
5056,5376,20758
595,557,9433
64,275,15950
3910,996,62734
64352,66998,18574
335,146,11403
441,513,19122
167,206,841
9425,9916,136759
9667,4347,35100
43291,1150,41745
27264,27503,95426
651,1455,174965
184,321,14625
288,1084,28163
1108,973,51616
21,165,669
216,1315,3865
123,140,14405
841,974,91809
176,326,1279
324,1158,53162
2,26,231
1533,1147,15138
251,573,11366
130,284,18166
456,425,14521
540,146,4751
864,1057,3339
401,169,1786
1523,979,46299
6828,7427,203018
38,471,1609
1688,1140,7598
27,73,1563
86,93,397
271,229,27635
2405,86,459031
139,161,1106
452,1068,4051
518,2059,43240
411,447,8072
2191,3538,21529
151,306,17281
30,140,750
57,41,24083
2212,1514,16882
214,276,13714
486,1351,13601
1286,1302,5906
82,247,1596
568,464,50084
187,167,46432
965,1453,2707
1036,507,23131
882,900,15798
2548,487,47333
1533,1872,22790
633,299,10554
910,877,19093
200,235,604
8,154,3
70,374,2491
47448,45553,153948
650,2480,14235
889,141,24759
654,771,9418
1352,393,69588
2211,1223,2232
2,12,43
382,784,1004
1054,2249,8488
27,82,89
164,373,25285
131,350,9412
1163,1833,20550
357,1326,19735
224,658,10963
1447,1717,15677
13,175,840
492,375,1568
0,11,9
3000,4995,27991
392,836,1736
28683,26149,119644
1017,317,20499
1565,3917,14713
210,217,1029
1811,3146,7121
13283,13678,59782
73,69,206
96,384,3127
49,382,1577
405,535,1712
38,128,8987
938,1308,2901
373,319,31717
1,1,32
189,721,2320
298,735,19117
742,783,15895
587,177,74485
115,741,13386
1770,1848,51105
5,18,990
1336,630,15398
11,154,10499
489,593,9265
1355,4489,29192
867,2138,30354
222,417,10948
3143,1275,40325
15,373,577
31,313,2064
353,500,3743
47,184,57763
14,131,50
134,160,85436
1,106,1224
2562,5000,40256
1221,3357,100415
13172,13295,36489
57,297,208
160,587,65040
46,112,8681
245,370,4561
6243,6354,34624
5258,5645,20086
278,294,3307
19169,18411,645995
3151,2745,6207
87,68,589
1896,2461,18273
1158,1086,6082
190,350,2780
769,1720,30631
2,19,959
155,91,25285
550,431,7586
329,1034,9571
109,293,23440
266,490,608
90,301,20468
64,166,407
11,23,723
206,849,907
228,987,6955
239,259,9830
236,84,2263
491,850,10190
883,1773,16394
16488,8389,64206
237,131,18274
8,33,732
653,795,60235
2997,2370,58059
42,229,96
4398,4918,99577
24656,10271,21661
6495,6788,160937
1816,852,6014
9690,10365,40040
406,468,20835
3776,4735,44388
167,523,2787
1747,2966,36478
1069,734,88122
1,45,6295
160,152,7323
127,291,11256
1379,2237,3810
18,38,4726
1878,1308,21778
803,1082,14152
2114,217,435486
238,667,7697
1363,727,55141
196,592,22655
6807,6700,21608
428,1250,71585
34,59,699
1988,4916,53066
270,579,2219
11276,10220,63279
788,736,141269
2949,3385,9002
531,690,8184
2398,1837,3363
1816,852,6014
418,327,13337
1229,991,3700
3098,3118,244995
5,18,1075
3526,3547,17451
184,71,19414
156,672,530
89485,20856,27580
1832,1572,23915
134,574,331
3246,3495,71366
682,436,45660
14605,505,114161
25,138,826
171,388,9375
678,602,70322
176,212,746
936,1511,23517
480,837,5396
1816,852,6014
994,69,171442
103,399,11760
453,1282,11879
31004,32915,673446
266,416,2437
127,47,16197
740,90,21014
133,893,2112
124,100,659
3275,3367,9409
5,223,483
29,546,897
6,957,73
104,87,3009
477,828,21656
334,450,16045
25,459,3893
1885,2631,17189
388,782,15817
2321,2531,28046
1816,852,6014
1257,1390,45474
1475,4978,33519
393,348,2719
2318,3742,6483
66,181,805
1796,4331,54528
637,606,1778
4,19,254
19,101,669
55,122,9423
1453,2054,14314
1881,3757,195135
863,1377,15938
71,64,3384
52,177,2112
211,177,42369
19672,18915,21098
142,263,1991
231,903,22335
58,186,18805
215,239,4398
815,500,42652
4361,4265,24454
50,288,3988
168,162,3376
54,303,19
48,516,2185
625,751,26019
5102,1309,6505
391,790,821
208,829,5349
8934,9112,550877
1816,852,6014
110,121,3273
627,136,8321
507,477,1250
747,754,2180
3131,4948,81935
5045,4602,31696
39,174,562
423,316,2356
253,408,5787
772,398,145482
1435,131,2753
203,155,20979
595,1498,67818
46,122,12039
438,200,4124
2492,823,133457
96,103,1012
1848,1584,86313
11,78,846
4341,4999,493500
228,374,28684
1570,1486,54102
1780,1757,19067
54,126,377
84,994,6605
10493,9947,162720
25081,3107,63391
242,344,14314
357,611,15297
47448,45553,153949
492,560,9503
1386,1381,79732
786,295,107317
231,903,22335
323,478,8797
19,101,268
315,371,5571
94,228,65051
48,254,5088
260,237,2308
5688,5761,174881
34,171,1247
291,630,1637
3070,4190,10197
224,237,4918
532,1425,12738
11999,12190,11261
36,145,1607
173,459,1306
742,732,18709
1137,378,60987
10847,11601,101077
306,302,16499
409,773,37629
30,286,974
49,47,4631
14,386,1133
144,312,1569
142,72,43859
55,1155,463
89,507,2666
9333,9302,352823
57,74,114
1776,2038,11274
376,567,518
146,213,1765
124,131,1046
1157,397,16416
304,353,14437
20,271,855
749,151,14302
2367,662,894
357,541,31469
41,132,523
46,59,22448
15,134,1056
9586,10540,91981
1496,5001,401170
382,2279,80057
48,102,2525
463,581,35261
11983,12092,261503
378,566,3715
4576,5003,178364
143,212,30923
34056,37466,332218
2354,4331,22755
22313,23616,18573
106,54,7297
8617,9008,23830
15,21,49
106,664,5761
169,250,836
288,317,16762
16,66,2306
50803,51455,366181
291,361,10422
1007,567,90762
8888,8923,8121
96,158,8083
712,1212,2645
1750,2113,14559
1377,1963,67905
371,513,18820
3566,3011,134720
421,369,6017
8,50,55
7,243,3414
558,574,46312
527,398,10494
26,39,3219
31,365,862
278,294,3307
41,157,217
34587,24454,95723
1620,1944,11812
677,1110,9199
127,377,30034
30,222,899
6429,4915,342406
119,150,6576
212,1599,51674
274,148,4769
38,273,827
210,573,12356
196,366,5401
312,337,11855
445,433,3286
5607,0,68828
51,764,10100
33,96,1065
354,1392,4382
2717,4997,141055
4296,1225,5953
7905,7812,43142
77,223,1560
662,536,18807
0,0,6
99,236,302
158,274,2845
696,154,1411
249,630,9595
366,331,13447
184,321,14626
2152,2031,55889
20,113,1301
55,373,7338
231,1844,1784
55,125,3519
39,43,3131
9535,4841,79987
165,425,11540
3261,4996,93694
65,100,1248
53,333,1969
27642,27638,21154
799,424,41967
1056,1824,32522
1766,5000,103886
1897,997,8912
231,220,8145
69,332,2997
35,216,1225
293,1353,303855
3860,4862,3322
1869,3116,27695
3990,3266,290166
544,1291,209781
276,1656,7244
230,694,34918
465,396,17981
206,425,3287
403,244,8627
569,339,15013
1185,521,63705
64,67,10650
101,66,868
36,713,9900
708,1211,43949
203,290,3951
387,1043,104395
8905,412,42367
3782,4980,15020
1796,1439,14527
217,1293,300353
2495,332,29666
257,261,3164
33,20,1156
38,40,949
464,292,17140
4,5,8
363,495,10353
158,161,7150
5050,4243,158026
22960,3559,75822
19233,19230,33057
1105,74,4905
2899,2861,36988
5066,472,7044
27,148,628
877,1526,5708
8778,1135,16880
106,355,6064
3982,2162,44504
2483,630,25915
1464,1461,5006
230,762,16269
3,35,96
628,516,10425
120,507,657
2028,1992,40750
18021,18873,105079
2166,582,93509
39,128,1601
285,707,8427
756,707,15432
3693,4276,67674
39549,39056,73808
836,707,5002
1778,2203,15383
483,208,1505
45,91,3234
1440,2822,31797
1683,1897,136334
228,124,14401
3129,4067,12175
47,332,5074
346,232,30569
301,1408,5653
199,177,363
3212,105,31170
13,11,394
224,1090,1005
9,53,243
51538,14613,93714
80,109,16384
632,297,22117
1205,4846,117823
69,452,260
2014,3962,19323
1193,1619,14349
128,331,1999
711,2184,6280
294,315,37430
4160,4323,33349
3571,4972,6860
971,1029,61403
19,81,46
347,598,2387
104,300,1326
336,275,5751
266,257,2231
318,806,7598
54,303,8648
318,436,2920
14886,15962,60021
21,41,748
541,333,32783
6337,6716,21149
5776,6347,17922
172,1182,3351
15682,17114,110677
467,464,4463
254,287,7175
2396,1915,79929
1215,2227,10690
41,113,1660
1224,1159,45981
75,121,1539
934,744,2235
1532,983,154199
47448,45553,153949
985,1031,9970
290,310,1790
38561,38727,437260
3123,5002,174584
221,1028,7503
5,223,483
659,741,12519
2206,1066,3493
1972,592,67652
2487,2490,3150
409,773,37629
0,0,31
291,680,3148
541,31,893
113,273,3560
279,292,12121
23939,23760,143205
230,326,3384
1,41,71
155,364,1928
1647,2084,46087
1623,943,20064
226,176,2045
390,519,11823
396,1387,20667
245,1993,5306
800,613,12613
482,1412,13089
1159,1711,1953
38579,39202,307282
924,853,22186
55,124,82
6,177,3081
180,121,4076
56,273,1882
1013,1618,36486
61,285,402
357,722,13817
3087,929,55254
6000,967,26966
152,299,4421
11208,4651,83072
2251,1800,26612
32,329,6057
4677,2107,2958
2074,548,17594
2334,2142,7023
607,356,6630
1087,509,76289
2366,1831,40680
149,469,48720
157,645,5597
2189,3568,22689
164,45,5605
1832,1472,19260
5610,265,9153
985,986,35716
1739,1076,37942
104,414,2024
5234,2031,18671
331,1900,11854
262,517,89578
15,552,8137
123,246,13886
1120,2420,17201
59,468,8426
742,4691,8510
123,317,9739
1664,1910,71779
400,474,6860
4999,1021,256291
2,15,222
7250,5328,1513
872,931,37133
4261,3866,84288
23,30,274
678,642,112881
18530,13032,262945
233,710,4652
2717,4196,11663
466,399,7539
4532,4989,11166
65,94,244
39,228,1121
4498,359,23307
333,935,33278
234,380,10451
67,852,2527
177,105,11145
631,391,1065
496,2426,20787
262,423,2773
262,670,11289
370,573,4251
0,1,11
23,124,192
25,69,669
235,372,135501
23730,21608,164332
2262,2436,46817
70,62,1721
1694,4964,91121
1032,2434,110903
92,186,3243
200,208,188
10,112,1100
1516,2877,13905
0,31,281
51,696,174
148,1406,30219
44,184,108
374,165,70921
85,333,994
366,292,1581
346960,972,37439
133,304,5899
3575,698,58689
6405,4046,156922
5163,5119,8471
119,414,2066
232,251,320
581,2916,29746
18,26,1045
829,944,85720
5709,5175,22731
93,83,55929
2679,2355,2487
47,3,229684
1766,5000,103888
82,363,2406
101,396,11055
20,78,1693
115,863,19807
680,1057,15196
88,143,4446
723,1087,26467
2,1,88
876,1938,41490
133,545,9804
307,270,68705
5,117,1653
938,1856,44601
105,222,876
3479,4559,29779
208,829,10721
303,135,297
458,326,2033
11196,1339,17879
44,41,2690
65,528,186
314,250,6508
18418,1497,20880
67,187,6362
220,223,2279
1776,54,1381
141,604,38637
216,369,17812
759,619,12480
476,1193,29821
338,397,45539
2346,3181,8089
6329,2344,122004
2088,2218,42377
277,376,4073
395,1177,7013
47,74,15391
61,333,12633
522,773,6164
286,588,14463
177,238,754
18418,1497,20880
749,745,105905
309,334,2497
6983,7066,243825
22,132,1214
2910,155,2545
483,430,8084
269,240,6977
87,200,14256
30,315,3840
3373,1410,20719
5750,5580,535329
6376,5216,141989
406,1277,8487
924,853,22186
563,1014,16274
456,995,42795
102,98,11122
49,201,5316
38,104,95
4277,5000,85734
18,44,928
4370,2220,9830
293,1353,303855
33789,33963,461205
3780,3710,63239
328,843,9443
9,43,466
271,411,20164
168,121,48097
7123,6550,528242
697,838,4406
626,502,15343
646,1070,7369
109,116,305
10,70,20
30596,33128,336556
567,944,40905
49,190,4392
230,762,16269
876,1026,41166
23000,24729,141288
2383,3538,38743
48,43,304
55,510,542
250,856,7272
617,130,5157
2447,746,28696
211,280,6762
91,94,1175
245,291,8243
2246,1354,22441
11539,12692,214977
3444,1392,18875
8349,7323,3257
2015,597,3380
69,79,5068
235,372,135501
1215,1215,9345
230,199,177
2916,2247,6092
1266,733,126495
610,499,33550
89,141,581
1117,1347,7015
2,158,2430
8192,8206,99527
8722,8692,75803
228,217,1121
96,58,1086
927,1408,16920
256,343,18498
338,366,6514
18,99,10233
11370,12412,95345
42,95,582
79,129,2167
531,428,4549
0,48,26
377,304,5205
223,153,1905
296,77,12820
4604,4803,384986
5610,265,9153
35,246,961
408,1011,49972
4,6,279
808,353,20403
1216,860,202671
98,578,7482
3233,2411,758
9,237,1620
323,328,30973
253,161,19586
394,22,37350
5031,4427,57445
170,184,5721
15663,16582,33703
42,131,758
3685,251,15695
1087,1729,3783
696,572,85523
30,386,364
131,1038,15804
16,88,233
7897,8335,19503
37,313,1076
58,149,1591
14721,575,92097
469,351,82499
358,1786,14533
1288,635,83216
294,972,3603
18,110,2948
27,47,701
231,301,19095
78044,56005,332931
486,101,3009
487,232,652
2033,2320,67213
117,248,5203
3982,4318,61754
83,102,4819
575,986,28262
107,627,10983
288,364,1122
660,601,38389
1586,728,164832
78,184,11889
740,456,315
1749,1931,78071
23,142,1025
79,824,5550
3893,4893,311220
14,100,6123
147,179,5204
320,165,2139
210,283,1612
685,4985,66550
10,41,136
552,525,20752
148665,10201,168130
191,1380,3847
3430,1838,138456
7,239,387
87,204,16021
832,814,28164
427,847,4982
838,625,11954
585,1302,39188
1032,215,35389
2475,2254,130212
238,456,2288
356,388,20344
9804,10751,91812
355,259,1457
47,127,767
236,84,2263
45,195,1968
3570,1879,307344
535,510,76807
597,564,56991
252,576,28963
24,398,992
1496,5001,401171
3095,2380,32844
5,59,27
494,742,24123
3808,3979,9969
2636,2131,57174
678,660,9449
836,734,12167
298,135,2061
3143,1275,40326
355,255,45349
19,150,661
14950,11197,733727
240,193,24144
134,205,1858
355,1231,14093
126,181,250
154,1454,34911
6,10,20
68,126,1235
1730,606,229065
19,238,264
1009,2547,48671
1,0,82
495,896,5699
46,166,1262
613,1953,15543
813,3506,54900
5,223,483
20,191,509
348,186,23497
698,515,74500
6506,6686,92145
11480,3329,54482
275,190,80
132,160,31388
116,511,2520
710,780,50111
16646,3184,89356
22,26,151
3419,4338,22149
271,302,2113
1835,1068,29082
160,358,18896
25,225,3883
922,455,122424
1294,948,79568
32,24,11852
1,51,5
101,189,22566
10585,10967,82933
976,468,6188
2284,808,121879
83257,81448,632607
6018,6622,182532
3947,499,6208
278,294,3307
572,430,44314
1624,1281,47731
203,441,1204
139,100,2527
53,179,7698
129,25,4568
170,432,1284
49,47,4634
2518,2556,16622
661,839,2415
24,180,1556
168,869,4333
2,12,43
2926,1408,140834
591,311,32838
248,1682,10156
100,733,20849
656,2468,27874
816,726,75493
92,954,2019
4498,359,23307
680,913,8431
419,324,3614
2685,3741,224868
289,250,7632
2557,3264,28352
18600,19820,60917
562,440,12792
44,204,1222
256,406,530
53,99,1663
711,353,11594
8260,8349,144514
4,310,1590
696,154,1411
3209,5595,48929
20,163,759
5165,4945,99660
24,197,2819
5750,5580,535329
3946,3761,159389
138,367,1318
5155,5547,12174
294,2162,325085
121,304,766
465,104,6977
7657,4728,463879
115,355,17404
1727,1918,16820
6852,7481,44386
72326,61888,434777
1249,1219,71797
24,67,57
88,118,221
42,250,8045
1980,632,3120
207,705,5617
4579,4907,45394
100,397,9642
849,1635,23963
350,521,14832
81,110,9549
294,416,13916
8,14,280
54,123,760
168,162,3376
1882,5001,76006
3504,3673,25393
900,554,5225
41,139,1116
146,867,939
2232,3092,13884
2814,3005,29735
295,509,35396
180,434,1365
4644,5082,110050
1477,3588,19521
20,52,178
1768,4985,92364
671,1021,32407
7,47,636
307,310,2790
6329,2344,122004
747,969,8050
3523,999,32742
4801,5286,68344
255,471,2773
588,2589,6875
3215,5000,14298
49305,32293,35925
8,99,679
176,98,18278
11329,10787,131809
2678,2736,13065
1479,1727,7946
2221,2568,32219
1164,328,152140
361,1019,317886
3066,4462,57147
1247,727,4834
3583,5002,67183
16807,18468,68281
601,576,22240
249,600,9167
239,602,3559
189,192,859
5,60,88
465,470,64820
248,128,6317
643,1357,21490
118,1419,1330
7406,7498,32239
1558,2635,12651
39,643,2871
528,2134,18029
335,760,5128
49,111,4828
588,2589,6875
3,54,1566
9,97,91
10210,7820,45438
10436,9526,68162
43,196,870
4619,502,5679
112,110,235
1065,832,69203
92,495,386
70,47,9237
3649,4982,71219
687,808,5646
1345,99,6989
8,39,338
382,110,3526
6014,6611,105103
125,296,19078
4657,280,94764
219,546,18196
75,1400,1315
105,171,68545
96,147,25622
352,667,13486
149,210,575
564,4993,57929
235,372,135501
17,248,1799
695,819,15864
142,157,1649
14160,6620,6106
107419,102975,149500
640,489,18843
101,183,1335
1009,2547,48671
5,173,1445
216,171,7582
1144,1055,187853
808,878,1966
368,230,6940
93,271,18539
887,1789,161929
267,606,58547
12130,1566,16416
16,185,8387
4079,252,151870
5206,5446,12374
13263,53,3361
36,780,299
879,601,2539
314,1285,4786
147,121,7425
52,210,816
6,74,109
768,366,52464
526,555,8817
1386,1584,79199
593,316,2809
140,398,1283
103,360,13672
63,371,824
134,218,12313
6113,5391,14216
39,254,31
758,974,12927
425,760,329985
18,137,139
1605,2624,20481
6659,6803,7796
524,366,30876
23,55,1805
33875,1067,61268
88,336,2500
5579,5488,15223
1416,987,12056
2838,2591,30065
111,217,614
2,120,10
24,57,652
167,160,5708
24,102,5032
274,315,865
1512,1513,50244
26,7,85959
7033,7490,211579
4166,4813,24495
366,1204,2430
1580,3411,109124
3284,3681,9210
16386,15337,110394
4209,4992,26339
308,162,210
1415,4870,35494
101,212,2817
590,683,8335
222,411,3375
1791,857,676217
3000,4871,126878
1762,1396,36899
1030,827,71059
259,289,12190
1,0,1
129,230,73989
423,683,22282
28000,28713,25432
423,558,42967
824,679,8228
3881,5001,140850
237,1116,9458
1333,2521,24892
12484,12660,209787
1429,1598,25909
128,535,42
23730,21608,164332
18,0,214286
4510,490,65606
312,615,2552
548,240,13405
5136,4591,188763
1217,946,47408
825,554,24938
888,227,49493
23939,23760,143205
1412,1943,74656
347,1403,16330
76,48,601
36956,39794,486259
220,284,3829
107,918,38156
1227,5000,48757
197,126,52693
3256,3681,41111
618,665,6668
3380,3540,52083
6,27,13
1588,712,60598
4398,4918,99579
2525,2798,13513
116,391,928
17633,18673,260102
146,249,1487
278,294,3307
5971,6491,194221
135,170,75
8616,9465,136860
506,194,88928
551,535,15503
668,272,17095
1924,1919,210972
277,289,310106
5011,5009,321648
21,90,1216
26306,22764,163064
62,378,258
56,34,1822
313,453,29638
3,89,101
2039,4223,80616
102,517,3280
864,831,5735
683,136,1760
253,818,18557
41,264,54304
4588,3839,19561
480,2078,45008
1783,106,16706
30,318,1225
1367,3466,25401
3629,440,2703
420,479,3026
84,31,56017
1000,1563,26117
5929,6477,86636
358,61,67484
624,1444,1532
150,148,5189
191,844,756
128,63,1929
54902,47778,252196
251,283,3397
2003,2238,2178
4347,2319,136147
173,167,15122
14,85,107
852,859,20865
1188,898,6956
52342,50765,102529
29,282,20974
524,987,10657
147,411,39768
1640,876,179939
49,293,14382
199,423,7305
1419,2386,41606
3317,3262,111148
857,4460,37317
517,3596,7413
3288,3231,31891
1089,206,16754
107,145,27260
2253,3213,126261
365,410,354
263,718,26357
60,836,4435
125,383,3717
520,359,23642
514,396,17465
5760,1114,129547
1664,1512,140531
4,198,123
126,931,1495
4039,4747,101100
78,31,38012
78,535,315
148,173,2438
999,639,55716
189,76,59079
356,223,5270
1099,2112,201378
5103,5605,79393
1237,1172,25397
412,564,24081
1401,434,25956
893,1294,38382
1563,1383,53587
1875,591,158827
6,97,1316
284,1976,3308
175,320,1297
1119,1407,64237
1,104,421
133,45,811
3836,4998,166240
761,857,31019
2102,1944,190006
63,315,1289
69,833,108730
1009,2547,48671
195,637,814
214,359,8044
358,322,29569
7460,443,2411
2460,699,527
232,646,4383
1094,1716,81048
24,116,97
942,1319,18735
42,250,437
128,179,258
815,828,14756
2702,2965,138787
1016,2159,6493
1233,1846,24270
511,1048,13462
33004,20890,30349
32,256,548
2051,927,25107
341,210,837
719,980,8040
1978,2295,26034
1364,989,68294
235,372,135501
1570,1486,54102
544,1291,209783
6406,5322,1302
1526,1004,48611
13,106,238
772,435,8711
544,619,484
741,1634,23838
15,162,1307
1291,1002,140740
112,376,2231
203,256,14919
5440,5101,207423
978,297,47828
704,2641,77439
42,217,1652
2570,847,103183
341,265,2381
188,108,28833
466,441,48354
1724,1269,23131
1376,1512,3069
626,1313,7913
649,995,19355
217,268,140
55,85,11576
560,529,15118
18,44,928
1551,3559,43924
271,608,109497
23,56,6178
3621,3554,28447
1828,2188,28822
29975,31764,253534
9333,9302,352823
4,90,401
45,591,3723
49,133,330
365,334,541
5,62,71
1044,2468,72124
0,8,261
226,1344,1960
8812,194,29959
41,300,7345
968,757,54455
430,725,148024
1623,943,20064
135,64,20458
363,20,34781
2608,3019,36613
26,39,3219
57,242,3984
1324,1725,40619
1288,635,83217
777,632,24178
880,2186,13653
231,378,1564
533,1070,5541
681,771,21422
3099,4729,22099
61,189,1177
1920,673,37557
17,57,115
2460,2241,101736
1237,1631,206496
390,237,16227
9427,9447,34436
169,1012,12392
2769,3774,11926
728,1170,13274
4,127,344
37,152,3616
676,338,116369
31,171,2475
11613,4360,77742
58,88,423
333,1290,5671
563,55,1382
77,122,4467
854,915,33334
4113,2071,165880
96,259,26873
48,88,5980
93,69,1288
215,516,2143
577,1903,12082
3497,2733,117008
1650,176,851357
1521,46,10645
4340,5001,17692
514,502,22282
109,326,47057
205,665,5209
388,847,24221
810,975,8692
931,870,55476
4275,4944,9328
57,125,17
5488,5579,117339
11,25,368
1194,1255,4722
164,2177,31156
3502,4990,51974
108,2,28000
2,26,669
118,937,46
354,460,35159
2447,4200,48403
1175,447,301327
669,1453,8618
120,210,4755
32,146,909
2309,63,40523
744,869,49506
630,164,5504
15135,618,23397
340,761,24667
0,1,107
571,200,6576
129,164,15810
744,1513,4380
737,1574,129704
16671,17240,28846
151,487,791
1352,1287,14862
664,1298,23745
10,42,261
1107,1410,68927
468,412,16079
82,857,1259
1025,908,39061
34,336,1695
206,217,9119
145,148,896
1307,308,52333
940,529,16995
45,149,20083
316,103,9398
70,492,8896
1379,4117,13322
869,1884,6335
526,314,152932
53,594,1481
242,478,36657
90,654,9635
192,173,19241
142,2281,6752
369,259,12657
590,1758,21950
661,623,14715
1578,1157,30498
125,377,13054
11,28,1516
2119,1580,60740
1148,4515,23105
15,182,668
3087,553,7642
495,545,71582
69,63,9536
67,356,19084
63,255,2672
1262,2020,57891
252,623,12203
288,1472,792
585,763,2592
3123,5002,174588
5842,5950,75509
4498,359,23307
23,139,283
97,345,9254
48,123,2683
196,711,3838
67,976,1985
22,187,1422
848,289,139717
4210,1279,589626
10,95,209
2401,1117,3511
123,544,42
542,545,5410
1539,4334,13737
1321,1545,31290
260,435,1941
9,53,684
10,112,1100
244,608,11070
5040,5132,37616
10,11,9
24,286,3213
69,169,1246
77,855,7194
405,1064,9560
1083,1121,17870
16,239,486
1805,1025,5074
1993,1879,64739
5,47,616
52,65,89
359,341,2136
2570,1021,118393
1801,4555,24833
74,340,864
123,630,7087
520,359,23642
2242,626,31757
656,1420,9023
680,576,20747
1215,550,18463
176,220,17021
92,754,4668
310,452,5818
225,633,2919
860,614,31337
24,74,833
232,294,3369
37,252,7213
803,2092,2260
426,177,67396
656,581,77188
321,390,233266
896,1485,16957
546,315,23775
224,582,16755
2252,1526,61414
977,358,67941
239,259,9830
2000,2820,138043
321,492,6642
66,511,822
182,226,15183
31,92,1943
6453,4330,157605
12959,11585,335435
85,217,3915
25,876,110014
695,652,21171
1375,1511,76481
1323,357,2381
147,390,3195
6762,34,5875
363,20,34781
319,351,7339
9,35,30
289,1286,2286
2196,1551,14303
550,77,9930
1593,3198,231543
1923,2460,7490
363,20,34781
1,44,85
22,159,371
2715,4955,42491
105,591,2603
158,231,10964
1575,1424,11455
123,123,652
7484,8226,54213
16,69,28
879,870,58631
36,202,154
303,151,16148
9,87,76
198,426,5081
3697,3399,3883
221,1346,9353
480,837,5396
11,12,113
46,442,2299
6105,6705,69413
52,209,1749
541,563,16736
130761,772,42652
674,439,11546
1391,711,56559
1378,4999,43223
2151,2203,2856
689,330,57458
1671,148,37974
7,57,1293
200,1447,393
467,1327,3568
15743,15884,158206
838,1239,2317
105,164,11123
15048,248,51981
499,563,28424
2743,125,19001
46480,2565,14891
138,333,42537
2,42,814
51,206,2472
129,428,43261
89,124,266
875,598,63298
5302,1323,26904
292,864,7195
33,96,1065
25,494,3322
2176,781,66612
2516,2513,128791
82,233,5540
25,142,279
0,0,1
15,162,212
502,384,12427
1742,1495,64855
9001,9105,13846
18993,18831,359678
30,96,573
324,364,1091
520,359,23642
23305,646,79769
784,389,15792
12394,11490,230191
92,105,172
1056,790,79341
2751,2375,237836
5302,1323,26904
1069,1082,37232
216,274,5951
2917,3087,128038
71,190,5385
5342,110,949
1379,947,29169
18,146,485
21,44,4503
446,881,6614
473,723,4519
5697,6138,293258
364,737,7867
572,1342,923
414,1032,5470
636,647,18371
94,228,65052
355,1231,14097
115,769,19950
265,278,12865
19,12,739
395,1232,4468
45040,6802,5602
2049,3870,31076
36,508,969
5,109,241
427,460,12600
228,684,47442
361,1019,317886
379,185,11276
376,1528,1245
141,436,6968
65,70,17303
1852,529,6128
8,47,296
110,385,696
733,233,3848
315,371,5571
196,157,598
637,445,3783
150,565,280
672,1016,11058
933,1029,17581
22229,20953,501258
232,1844,1785
100,397,9642
3258,3043,141726
299,362,19543
1554,705,25621
31,19,83250
339,589,101775
34587,24454,95723
42,58,742
4347,2319,136149
125,491,2881
651,409,31401
23234,11697,24138
17,98,40
5302,1323,26904
4127,4987,301462
380,308,13024
2493,5001,104347
1847,3580,6570
378,382,6843
779,967,5775
3480,4987,16904
1514,1664,16193
53,523,1744
2472,4487,127154
189,319,4538
1466,4994,77926
325,64,24762
18,26,1047
1188,1434,77529
47,277,443
498,460,13112
20,819,489
5505,5561,48244
117,1126,1778
4225,4657,16336
22,51,2392
247,254,20762
9,0,86473
610,1030,9796
1905,2417,22725
1183,2960,53760
104,646,14699
213,271,16978
42223,45494,139037
931,716,88469
206,217,9119
222,800,4921
276,216,1364
1746,192,1487
41,2,15578
438,2078,3582
1772,1755,12078
207,184,15675
36,305,1887
14,75,504
639,435,37038
21,37,920
18,60,1836
7628,7525,126865
4428,4544,67943
28,415,19
3558,747,71720
134,144,5400
559,1477,1779
1006,446,17720
816,742,4752
649,609,31893
3526,3547,17451
1087,1731,3785
9,144,137
76,278,7236
1379,947,29169
523,210,24190
278,294,3307
1577,1698,3238
307,504,4038
460,1129,14288
41,155,1016
275,394,35780
453,917,6399
20503,8239,25071
69,172,2708
195,464,10434
39,187,110
2396,1915,79930
234,339,2301
523,516,36163
74,524,1303
1396,1032,25293
5,223,484
241,1360,5719
101,392,2689
1689,1447,33863
371,100,34733
596,779,15175
7,201,556
2549,2796,30853
2928,2655,34084
225,343,8233
101,1072,23164
1995,1903,1714
876,1543,19014
3529,4465,159912
13,99,567
984,300,67641
1304,1283,43095
491,485,128732
55,140,372
371,329,1488
762,677,7594
2202,4116,118405
56,226,16342
520,359,23642
3092,3530,12165
326,270,47320
56,215,22348
7169,7847,306073
235,252,12965
74,222,2792
159,1309,1567
43291,1150,41745
67,417,851
640,463,21623
121,111,36867
177,97,4702
37,81,668
6832,7514,22466
407,115,54646
794,669,2580
50,354,1586
833,592,953
20,113,557
184,130,3621
23,183,670
152,1903,1400
3531,3421,133631
192,54,6338
15682,17114,110678
5090,5461,5911
52,129,1555
199,161,1224
829,944,85720
334,1040,17067
224,736,4328
452,231,4736
388,265,3907
2160,2436,134161
23,119,809
2910,155,2546
716,686,75374
715,291,5328
34056,37466,332218
278,79,18127
844,603,19187
4959,1802,35444
188,140,37498
1781,4617,34993
2109,1005,33325
57,64,1130
75,325,7878
209,193,21181
5455,5944,375376
123,232,5895
226,461,338
487,325,93584
803,289,3015
1469,1553,8341
577,517,4888
214,336,11057
6862,7278,44810
1286,648,21263
1200,45,3420
121,352,15199
7423,8146,37245
12,246,494
191,993,1046
2967,2930,72578
7169,7847,306073
2,51,23
1849,2566,8810
453,2609,12451
314,2046,22204
4,110,322
634,1247,12581
882,943,20356
133,167,12630
354,715,8727
68,32,739
235,406,1267
1325,1278,19739
924,853,22189
200,226,786
22313,23616,18573
101,199,8000
1125,1022,55781
68,228,2646
11986,12092,261503
2,6,10
10315,870,21556
2451,746,28699
162,33,10873
1041,651,26851
32,84,513
178,301,7247
477,373,10769
18,50,280
2,0,12605
11,54,4421
3009,3583,18659
561,1028,4115
5281,5702,174260
150,88,9695
78,94,3666
188,2443,4529
22,142,3400
1720,1571,104297
2,10,204
908,1627,8534
2003,2354,11171
89,288,7365
622,993,8078
1252,1244,113965
71,261,4988
988,2044,5727
14681,14666,100834
37,80,5371
1791,857,676224
435,613,26550
1,20,145
1734,377,42545
553,466,15943
2725,2730,30083
42,420,1493
520,359,23642
81,151,336
503,1237,49324
711,1020,2154
2159,2572,34745
292,696,42485
4573,1001,6292
524,332,101677
128386,72297,219183
124,479,1482
196,142,550
2176,2215,5482
50,52,213
958,943,59796
8843,9647,22823
1471,953,43028
5611,265,9153
151,99,13260
0,11,1
27,171,1488
805,730,8876
1797,1263,65628
325,576,1472
87,149,1953
18,44,928
1017,835,39382
4,3,541
148,1406,30219
299,892,20519
1,73,95
16615,66,150801
312,330,11038
7899,8180,160177
1914,4102,17058
164,836,17557
1921,1006,14357
37,96,3233
16,169,80
178,546,10483
3029,5003,22982
338,455,83121
2487,1367,204051
47448,45553,153953
1145,857,1962
155,1905,10733
18,99,10236
11687,3566,13660
133,893,2112
0,51,9884
800,1359,14388
39,57,566
14029,15408,183245
7,52,1491
277,1750,82215
3328,2089,13966
13,182,41
4589,5055,91607
105,2155,8815
2182,1897,10769
565,468,17672
136,64,5239
20052,17857,625677
678,660,9449
53,130,1919
227,84,17768
533,200,5722
49305,32293,35927
10125,10890,128600
186,190,2388
49,52,4466
2875,4818,463403
517,181,25648
2,2,1004
425,802,46215
19497,10892,95426
1713,1258,11598
10,54,85
38,104,5661
147,144,3614
2532,4279,7336
164,281,2666
9634,755,18946
61,223,6197
199,415,5215
1,159,20
174,1102,14172
465,433,2420
353,936,80360
4895,4711,103088
3731,3399,537347
510,496,29222
92,103,720
134,1655,2579
232,169,17496
436,659,45631
4347,2319,136156
5,5,243
69,150,471
167,2779,9482
5646,3764,12553
14120,429,32689
55,376,2082
328,837,7037
2563,2569,11580
1411,1021,13131
715,184,101451
2,28,428
228,535,15666
66857,39676,383550
284,120,36490
589,687,794
138,683,4626
7295,1232,88624
124,366,655
158,274,2845
3543,3545,14408
178,457,818
1130,844,13049
142,532,1814
372,335,654
1849,745,4409
2039,1627,68960
309,143,10778
1935,2142,6563
845,72,22157
58,225,15515
347,1783,19719
0,0,3
9690,10365,40042
67,88,345
4,28,42
433,1142,3493
22,227,2016
1373,1587,76608
4868,1432,5028
1990,1475,272778
8223,8337,87111
1409,1539,10170
5133,1260,136952
65,273,17818
1025,1554,114233
6442,1613,30232
200,502,44410
113,214,2765
6742,3197,21830
133,178,3705
112,238,1757
5886,5845,104323
518,173,3736
8088,8830,5512
1018,823,11960
1391,2398,91463
9266,4274,16748
163,432,2545
1790,2309,20757
1373,0,168230
10,21,30
153,238,6492
90,142,2731
566,51,15777
5087,5590,177206
231,224,18421
699,507,5869
3106,2775,579229
3241,3758,1301
1138,1202,33614
161,136,2468
16,88,235
683,729,18772
1346,893,1085
836,211,2115
2995,221,3285
312,337,11855
28,208,1335
582,887,27367
1053,446,37712
3124,557,31231
291,3,128533
25073,6140,216160
1068,962,1767
25,125,835
14079,14055,366947
5739,4091,228620
97,202,2182
49,89,1234
43,106,1950
4719,4780,16499
1649,2454,144167
29,141,671
110,291,1499
18095,338,56772
1277,557,90551
993,2203,14353
847,725,46611
1032,1519,20323
269,1990,9439
1255,1839,26015
0,24,42
582,1794,8363
238,201,2996
4776,4975,77506
421,372,15868
244,764,5651
8,97,789
26,6,330031
432,228,149839
12,59,216
847,490,34663
1,38,156
11,41,446
354,230,31955
8321,6349,15799
382,499,896
178,230,6522
11,97,95
463,80,44349
909,2970,5766
160,161,34576
468,568,4630
1245,858,6233
215,1,37871
6823,7085,111338
415,196,85758
1190,1199,15180
11,134,196
1667,1657,20173
7222,7301,7489
1,10,11
155,181,73155
1573,980,21864
33,239,5416
52,145,674
4263,3,90312
17998,4664,254392
1540,4784,2941
373,706,1273
506,770,10823
558,965,32888
13,102,313
5535,3631,237342
111,340,5141
315,446,888
267,676,45281
371,317,22003
148,129,7953
1481,1850,29118
65,22,9929
322,1420,3785
274,1177,4177
488,465,3691
26478,993,256001
245,940,5027
11,59,121
5120,5583,146338
205,723,5391
22993,387,9508
721,1531,4119
0,26,7
1144,1055,187854
772,435,8711
6525,6682,40491
619,1018,18338
13,89,212
37,134,3267
780,1593,41474
1252,408,15270
65,94,2244
293,368,4534
7,96,209
37,17,4877
110,90,1505
6222,5583,12170
5303,5318,4762
364,544,2589
250,716,3531
213684,1723,5383
495,1244,6642
64,116,1564
408,307,18026
13,319,30055
328,259,650
237,3699,840
2243,3215,171796
770,2142,14970
150,1162,5432
43,187,3959
103,346,18150
1022,1287,25189
1047,620,41885
725,294,11624
568,2528,3735
10,117,55667
7,3,515
223,28,59125
795,617,2145
3,161,139
112,486,6085
55,262,1016
96,64,11456
159,101,10302
3787,478,25704
9149,9515,64931
1203,488,1665
67,282,38459
21,195,778
4,5,34
10564,1451,72300
804,853,97989
64,70,1705
4380,4999,209846
2074,548,17594
138,287,3931
181,97,1031
99,535,969
517,287,11955
23,49,382
0,11,51
1143,829,6112
476,283,16492
1176,418,13930
342,508,6647
336,294,99391
389,395,30601
1470,1630,41985
840,590,73461
363,432,10709
225,227,1278
4478,3403,32297
35,54,906
336,275,5751
10226,11220,107134
150,168,3820
2034,379,7633
594,900,39948
255,147,18700
639,3007,44043
119,269,966
340,263,6139
3106,3912,1723
53,48,671
1790,2951,204651
1538,2589,3973
7226,7921,29579
1867,2588,2066
59,424,3026
355,1455,6380
27,79,112
1606,235,94060
318,191,19060
570,233,140171
4801,5286,68346
1482,1250,36181
361,717,30274
0,81,1903
532,581,3652
499,563,28424
908,339,33793
1281,613,56914
495,471,11411
147,296,3250
7814,8594,11489
2344,347,45501
400,360,21590
164,343,1936
2467,4998,68567
531,693,39431
2642,374,57200
327,254,1854
202,173,2103
6,6,75
6026,5119,178732
418,601,38797
49,468,3722
284,742,248
788,5001,4120
199,339,24814
0,17,575
1165,186,31704
223,369,11639
4881,2226,50981
226,300,4352
2693,794,28323
258,541,54813
1176,1002,9727
301,1160,32031
2462,2291,21027
1791,857,676225
780,1593,41474
38,231,1474
3106,2775,579229
1590,3263,604
1005,630,27287
478,2396,31212
585,1656,7850
135,218,959
1180,1518,30176
279,833,16536
6,28,80
242,344,14317
205,161,4443
1443,250,81278
6,54,1661
148,312,10268
94,186,18369
1124,1282,70353
314,660,571
72,286,12984
4,96,4456
12547,13795,134254
2347,1368,6410
5249,636,10920
99,195,502
4712,4714,41992
670,656,3299
1434,1308,60093
165,496,6208
25,201,11341
417,118,41584
612,310,10172
3038,3995,702
167,482,1105
149,91,766
114,164,6233
35,357,1615
5038,907,6534
3891,4997,71197
705,2011,4090
742,732,18713
4347,2319,136158
473,1790,28433
2689,2437,35109
198,265,1374
2953,2778,119938
12,67,351
408,436,3835
1190,1199,15180
373,812,446
35,90,30306
0,26,15
39,39,174
103,360,13676
44,133,4647
95,358,22691
1246,3815,5904
952,358,49010
1116,1117,3272
15,53,2013
139,752,5805
3626,4813,282448
126,385,75145
756,804,114626
773,621,65388
1742,1389,3863
45,62,436
11061,11783,84365
208,221,21588
1,8,63
232,1100,10705
161,106,3791
116,251,1052
128,260,6457
566,764,27733
6582,6768,71538
57,803,723
4952,3613,176103
231,367,3524
873,871,58631
75,164,5828
323,610,6413
1682,1340,18175
2501,3673,12069
5274,5790,5892
10463,10782,91301
49,151,9620
276,652,1441
1171,1071,63557
221,1346,9353
1252,1076,32696
1680,1316,69222
833,1170,26468
1446,1,52632
1991,1654,63750
1,37,11
842,771,11898
27,189,154
1,21,29
3164,2527,300376
2857,2475,55097
70,62,1722
894,684,29074
415,569,25490
808,716,26073
5209,5632,28588
62371,50736,556366
4166,4813,24498
46068,7559,167222
1909,3219,11603
148,131,4593
18,53,791
1170,4314,16913
69,71,1916
1290,1061,47720
60,239,3654
1804,1381,12110
240,537,21524
908,809,10648
1086,944,17552
602,723,33021
407,516,14037
1058,1234,12379
1013,2116,10067
996,955,6439
391,783,4262
468,568,4630
829,56,1867
26,180,370
345,238,1458
70,72,8516
473,132,50279
1484,542,154214
133,119,19798
45,212,3469
255,437,7454
1420,54,3255
51,214,353
740,911,75061
64,257,28484
68,268,3161
2292,2635,44923
473,346,17616
190,193,366
495,1666,291
42,120,789
349,535,1620
23741,21903,29746
46,146,1983
141,87,5388
1188,746,67186
2926,1408,140835
620,830,4570
161,256,15697
6,10,20
1572,3469,111052
46,101,17833
336,206,40791
745,755,2996
367,1012,37127
84,272,228
961,1239,94387
566,764,27733
16,45,2504
1,13,1097
91,131,3725
561,971,7745
181,148,39043
206,177,3234
207,714,18904
12022,4385,88089
767,237,1939
185,223,35624
754,3223,8782
50,12,576
65,80,4722
136,675,5457
4968,2398,33052
314,379,8782
18,42,466
153,366,36461
64,384,29262
5611,265,9153
6482,4161,29047
700,2020,26822
1675,1046,20918
2,64,76
491,914,1901
4156,4719,32922
7225,7022,91360
41,826,629
357,612,15298
55,48,12918
745,1080,18922
439,534,8920
3,16,212
785,787,5970
92,457,1013
3570,1879,307344
71,187,30385
134,320,36274
1279,2048,3331
456,425,14522
269,146,34661
96,789,5300
345,1383,5894
2506,2655,15511
6745,5397,16826
52,351,5997
45,591,3723
114,918,41927
12023,35,142419
211,183,21034
5,13,142
2933,2250,18456
514,517,109
521,1573,11061
18,336,505
1258,2744,4975
6717,7380,68958
1909,2447,31781
1289,5002,135376
905,2693,10870
739,264,5190
104,669,5138
802,271,1154
132,402,2192
1618,699,141640
110,89,13362
66857,39676,383551
1948,4973,471170
1531,591,728797
1052,1035,155828
1645,1718,137040
18,49,556
19411,18235,29460
367,560,4722
165,496,6208
2084,2793,22107
504,650,39482
172,477,13999
220,1899,1133
7395,302,55035
5445,5097,407406
244,329,1121
66,374,2601
23306,646,79769
37,135,613
5807,220,6054
3468,4080,21979
36,291,3101
10618,10890,47942
1657,675,52540
662,1030,36857
15669,16034,12893
135,299,14035
78455,352,69140
318,811,7365
289,381,154386
877,3289,76660
135,218,891
355,1231,14097
84,92,10127
812,2034,4385
795,1436,50528
449,1425,58348
2994,788,280779
231,921,20736
21,107,122
58,100,1991
666,1004,48857
68,549,2719
1650,1821,2196
348,185,22768
4260,558,35889
334,736,6058
4162,4038,96911
93,261,7692
55,71,1350
552,849,20957
1008,862,49053
12563,13787,74056
49,579,1059
524,267,39660
2378,918,23287
194,174,6072
3880,4348,17999
136,125,8689
232,251,320
3054,4052,17500
79,316,3685
283,542,1393
141,546,10865
53,95,1263
106938,1139,132203
6995,5652,344556
106,299,1283
1204,0,3381
661,392,97353
68,78,5047
100,294,4202
353,936,80360
563,272,99411
106,109,10453
877,1018,145
246,587,60576
11986,12092,261505
867,640,52842
3547,4967,23212
2940,1187,78898
50,97,57
712,708,20061
1331,1010,38933
701,213,214555
24,97,2976
618,871,32979
2,92,26
8463,8048,124311
5249,4616,183119
14884,14988,131928
2410,2289,11235
644,129,37221
255,147,18700
9144,7834,24204
55,181,1918
87,200,14259
1464,1461,5011
2181,981,68
185,411,30660
164,23,4164
90,391,7683
152,222,10208
171,173,381
643,608,23
371,1325,9505
169,1012,12394
5059,460,12394
862,480,231576
77,255,14173
9,75,322
259,509,108638
247,615,4163
186,342,3884
1354,1269,199193
150,900,1328
3543,3545,14408
1275,5001,23941
8,111,182
624,363,10622
2343,2828,5046
152,224,1112
59,306,1348
247,723,2964
878,1405,22366
509,1635,2434
400,253,172554
298,664,3035
445,130,36861
171787,731,38136
3633,5000,653667
50,139,625
2133,258,42393
48,254,40041
296,348,6537
9401,321,101536
27221,499,290691
405,613,1447
97,181,2597
62,137,807
1615,1472,15750
404,1901,4926
296,314,1228
407,745,46305
3418,4229,217831
2044,1182,5214
1204,1658,10564
1063,1834,22295
89,51,108
597,508,23000
2591,568,9389
375,195,3220
448,168,28207
168,209,25780
1332,1630,16096
3664,3621,5897
572,927,3031
6085,424,38041
645,576,3220
187,217,518
18,324,553
4412,4073,2064187
14,76,3376
170,810,3673
758,1799,35167
66,289,1363
1691,4654,85536
967,813,18506
1122,970,66552
448,1026,6497
212,558,10608
3099,4068,584939
352,251,11788
544,1529,3137
2509,412,20978
3758,1419,256990
2,40,187
48,332,4533
1659,300,23625
562,359,11358
1881,1687,5624
517,813,9275
19888,19674,98018
95,98,15806
88,698,5716
396,1129,5187
8602,9504,22407
157,184,19119
355,745,10755
242,375,5368
50,679,842
186,75,20051
71,428,584
53,485,1103
1603,1878,2252
291,850,31525
6090,6226,10692
721,463,13528
7095,7521,1065472
383,555,73859
664,427,79261
363,468,19486
521,462,12934
375,1049,23964
4347,2319,136160
291,881,31855
201,237,3829
6556,6846,302333
38579,39202,307282
507,671,15277
3469,3473,7622
9241,2891,28311
9000,9105,13846
212,253,621
1257,1161,35115
1563,2449,29760
1543,1626,58618
754,909,27346
264,134,7829
4050,3370,161719
674,439,11550
1648,1476,61587
710,1573,84210
74,330,724
1724,943,8497
20788,6180,119298
1522,326,23540
1164,619,48140
165,127,680
90,303,5699
1176,1402,12057
533,901,2629
6286,5815,75698
31,123,66
385,638,11552
102,109,1493
89,155,15747
164,423,456
323,283,6834
127,131,7135
840,919,9235
172,477,14000
5842,5950,75509
91,268,12539
22336,24546,67453
43,87,23
12,426,4278
395,363,944
1068,148,42894
208,347,619
15397,7188,70344
275,246,4391
90,212,3470
71,615,3654
2458,699,527
7,21,6410
4568,709,25900
615,1113,6822
1692,2619,120303
64,50,315
2423,2723,11783
38249,777,121948
288,382,22368
502,918,1931
3275,697,228741
40,30,154
20,293,42
42,129,1506
120,381,16036
5612,265,9153
285,989,29343
320,165,2140
171,348,43056
3305,4984,250134
861,2236,14076
1023,196,256680
1221,682,9834
25,309,2104
2434,2355,21232
244570,1691,204374
186,76,1002
2493,2720,5791
133,1840,2678
166,65,2738
43,48,30
566,610,7760
17413,405,1957
245,336,8640
463,302,21072
1186,824,114236
116,520,1244
1622,116,1352
6837,7056,46589
4120,4988,108814
5043,3493,116106
340,761,24670
1403,1256,2426
565,565,12351
5115,5597,108208
7138,7722,69103
59,389,5995
15,100,2852
181,140,11456
16,120,211
56,171,376
2126,602,281528
9686,10430,195847
443,643,5995
17,36,141
1454,687,9085
894,749,85559
1744,1481,27282
8812,194,29960
225,353,32740
68,686,4180
16,163,223
197,193,3683
3612,4911,41910
104,646,14701
23,358,921
1756,755,85849
253,216,18117
469,714,16566
2,35,45
547,2075,4226
34,331,3051
22229,20953,501258
1067,357,28746
34,125,10557
373,319,31727
4589,5055,91607
1298,1094,29818
577,513,76919
671,34,322782
356,647,402
349,495,34300
395,409,16223
6045,2830,39789
334,572,12496
2977,542,7890
237,289,106052
1652,2005,27664
62,82,498
447,2248,14057
67,852,2528
125683,28,1216425
9324,4114,690
22,104,899
73,801,1423
314,304,23728
149,1031,3812
285,1229,1588
7,28,101
28,286,2962
959,1146,6554
143,212,30923
99,475,4446
1516,1130,41588
243,192,1269
2392,1692,85354
339,969,6135
237,256,1840
690,2068,52044
2695,4565,20434
232,129,5948
239,394,1047
118,307,1566
468,929,19257
1280,856,13935
274,592,22372
686,1164,66808
1731,1728,3105
118,208,51716
1313,2165,15943
209,247,7829
17,229,676
12,73,241
256,550,9558
102,160,10347
1934,4840,25903
150,139,10754
57,86,426
4,65,444
627,3160,48613
28,297,708
39,198,3531
929,867,30810
3236,4988,94289
282,1057,2122
12,67,1125
163,138,16059
341,1542,13536
244,243,2849
326,461,2215
288,643,16474
795,337,45956
1790,2951,204651
3080,3716,38691
623,768,54464
514,561,11971
26,1623,938
175,576,10973
3946,5001,233032
521,1045,15382
95,40,1033
13,93,11
188,2443,4529
366,1780,42352
4428,497,93679
4109,454,45108
1061,1040,30564
162,152,17668
145,831,1562
3377,2729,57884
6456,1406,23903
20774,21225,276066
157,589,5472
17,238,92
195,814,12661
373,553,11723
584,312,7832
1562,2113,8454
572,814,19842
2057,2018,36416
13782,837,93454
55,131,218
90,224,35360
9340,13034,165490
136,402,1109
2455,407,52116
942,700,20544
1084,2047,24296
132,516,120
3275,4097,18320
186,237,2930
8051,7008,28941
412,70,3207
1030,1358,933
33,140,88
1044,1854,16942
13022,11210,50199
52867,50269,266047
114,219,322
19,152,2070
999,639,55721
394,560,8553
556,375,4767
725,1103,27904
6311,6900,358946
931,913,197215
664,1348,7796
13,87,664
4037,4102,176569
23,301,565
177,213,3585
209,397,2872
3734,5000,94325
777,546,16255
1598,2118,38305
749,375,21019
179,324,5221
1200,813,22931
400,601,7008
1472,872,99492
269,223,11307
168,400,165128
147,172,17108
289,1782,5292
231,976,3554
513,147,561
161,276,80519
120,390,2093
16012,15413,133306
6000,6599,50152
2544,3379,9224
5745,5677,11578
87,267,6844
1173,74,292
188,76,6223
219,289,3725
680,119,6712
118,500,12535
2346,2659,31113
2247,2315,64623
417,1604,63509
2681,4900,15840
1144,25,327
578,298,10679
2026,687,14100
663,611,7483
267,0,47406
2927,4997,115274
7423,8158,133012
56,1,2337
1982,2392,64386
1670,1980,7531
573,1641,17716
114,197,18741
27,99,188
2903,2889,132099
172,439,15780
180,617,5345
4715,4695,21008
279,833,16536
171,274,239
30,232,1193
947,221,143993
477,523,41280
166,1,89742
2204,423,44130
2745,1988,4692
359,435,1916
4418,3392,4074
677,338,12578
171,424,8053
3901,4993,47996
115,390,7773
70,92,7147
1065,832,69203
960,2418,12843
371,2481,14073
4439,4080,17433
21,204,8421
418,380,14182
11,319,101
1305,1065,20851
734,528,26653
106,188,351
17,164,52
1532,394,15998
41,397,5661
2,65,1016
47373,47704,271442
3531,3421,133631
35,277,4106
499,337,19642
104,92,302
28,159,1429
1088,1733,3785
519,2060,43241
5710,5176,22732
1033,1043,12069
186,1324,7442
198,352,9893
372,323,14661
54,200,659
64,209,1159
247,1097,1708
89,641,6816
24,96,183
221,599,3787
160,152,7324
894,478,39442
106,114,5535
19,92,386
331,220,785
240,727,6099
1378,4999,43225
1596,3338,166312
1715,1012,55465
829,944,85721
165,139,3228
215,292,2060
13385,13989,91360
1362,1568,303579
727,761,6434
77,99,831
275,475,2376
140,308,2245
948,901,1705
875,1743,56763
11991,12097,28871
187,217,9419
713,778,42130
97,296,11450
210,83,16113
410,828,3077
1102,2551,38458
194,150,14685
42,420,1496
331,331,3360
205,44,7108
9,225,680
516,372,18087
150,351,6758
454,751,10283
11182,7274,577344
350,249,704
36,69,4138
597,250,51753
621,576,6744
792,1173,13559
288,605,236502
411,306,791
658,709,447
1258,1006,4238
249,243,11541
5922,4469,31678
188,75,1555
2777,156,114506
455,1403,3557
66,134,1262
2731,2260,97864
59,106,2626
7327,7816,53368
202,126,2095
23,165,1517
18,263,1714
2903,3497,4534
170,1069,5183
1047,443,68702
61,553,8667
491,850,10202
357,1166,7487
73,56,5201
56,75,2094
443,491,3075
115,276,10817
488,671,19878
1920,2674,25209
387,1237,29525
120,213,1739
20,71,266
347,287,4242
267,497,7034
954,588,9313
202,1500,18451
21,228,329
1509,489,72244
190,280,11028
3231,4700,385355
455,1403,3557
52473,923,84251
942,882,149181
23366,23238,41875
15935,15796,93002
131,674,2329
384,1393,5685
321,590,696
357,532,37205
247,615,4163
920,1125,25133
4868,1432,5029
9804,10751,91814
483,558,37140
165,496,6208
11497,9048,97577
85,197,365
99,132,79
20,468,174
415,777,6340
125683,28,1216425
22,167,878
56,158,483
827,1213,1646
17,68,529
345,1238,3038
197,544,2326
9037,7831,41307
53,69,5849
33,305,241
195,380,6096
2301,2617,121020
356,679,137
28427,29112,157248
7,81,249
2,16,57
1433,227,3508
11489,11773,17212
429,1783,43424
5872,5302,26481
46,80,8402
736,4999,772
4538,4517,49101
53,241,350
136,311,2450
483,414,3568
483,550,13167
52867,50269,266047
465,658,2720
182,244,18058
836,4995,277714
216,441,269
2390,554,10387
234,198,2229
4322,4987,31553
204,21,351
1100,723,36834
208,227,9831
210,584,9863
884,196,23622
701,701,11120
8664,4,2594
661,720,4876
255,266,11822
290,638,1267
1350,1174,19886
1776,2426,24471
513,431,43751
2211,2329,22190
807,1874,6311
139,548,13072
69,685,10418
1159,1711,1953
5198,5181,6579
1656,1741,159503
70,426,2584
11544,10937,31211
4616,4235,129546
23000,24729,141293
139,130,14135
983,418,28321
595,363,30115
1320,45,9086
1518,2731,38903
116,96,5045
1119,1407,64238
580,759,8003
176,248,863
5069,556,7995
1056,790,79341
278,670,35856
40,348,529
560,383,18749
5399,5738,47918
465,931,8496
156,339,11578
3657,5001,89668
882,1204,12757
428,590,75559
435,464,28385
238,13,47293
81,161,4737
1102,836,7260
274,319,18833
1057,606,8028
75,2006,13271
514,542,106700
1104,1843,22295
7225,7022,91360
1857,1462,22653
696,3593,87606
155,643,4196
10707,10005,287057
112,152,1467
5,31,4167
83,2339,220
2247,1033,587424
48,343,946
3497,3601,130494
743,474,38225
3836,4998,166240
145,318,392
95,364,4839
164,862,11888
676,2273,259902
391,678,5207
3793,4792,6122
81,232,1557
759,390,81628
1582,651,48652
620,928,171461
5566,2065,58322
162,1025,5868
37,109,1587
2182,1897,10770
26,24,2666
2932,3172,76362
168,183,234
1237,172,13155
426,938,4274
164,275,1091
141,484,1399
472,218,57445
144,171,14519
24,110,3164
137,236,6248
87,222,657
611,826,148902
18,15,91
32,276,670
880,2186,13655
1288,635,83221
3233,3429,257430
485,733,576
363,3556,11778
157,572,1201
200,64,9609
1037,840,9445
1036,1513,169769
48,89,462
2777,156,114506
277,289,310106
407,417,11959
85,124,2019
122,81,902
1526,712,19180
115,773,2790
133,128,1744
1923,2940,38841
469,1449,21085
406,549,5500
550,153,61163
278,389,400
257,479,61054
7879,8653,270287
243,812,22276
99,308,2424
1643,2609,69285
190,483,2404
1837,266,3399
76,155,2842
5584,5759,66763
2744,486,3375
130,310,5686
3216,3666,140866
7520,914,18810
193,614,14564
4263,3,90312
15,73,1222
2401,5002,108502
2030,1841,5575
318,323,19344
689,1261,55142
1572,3469,111052
888,227,49494
612,3345,75085
2572,250,27252
5174,1079,7396
575,1173,99247
23,219,246
419,396,1190
4048,4670,20993
3110,1493,18112
841,865,21019
1796,937,31833
1967,214,880
124,180,12607
44,66,97
7327,7797,103082
109,116,305
362,525,6223
599,863,90248
1278,1883,1874
1667,1657,20174
1270,1172,1706
582,69,10798
1567,1226,3286
507,345,44127
91,54,750
4,11,69
129,200,2972
213,233,10921
2484,2799,33520
170,94,40755
8460,6688,39684
7240,7835,34367
19233,19230,33068
59,146,1076
154,528,8625
1285,929,19005
110,894,5903
213,102,13294
35,371,2214
1913,196,6305
55,846,85002
12,32,172
1088,1696,37457
2760,2892,81977
54903,47778,252196
14375,442,45046
2959,2582,92415
6,53,598
725,3328,18404
705,488,85812
74,319,607
1008,168,589
942,882,149181
1745,507,74668
504,154,2529
34563,416,9181
10,68,2902
49,361,2053
2303,2221,21316
552,557,8053
304,685,15255
1169,429,11168
1094,754,83773
393,30,72623
721,986,6269
536,574,10124
409,773,37629
18869,20259,78965
387,46,3630
20,114,7780
1449,2331,5534
172,1182,3353
5710,5176,22732
480,524,19181
183074,110352,80315
365,326,26574
28,114,1068
83,191,7854
346,212,150555
227,290,5249
26,34,239
1291,148,46816
2050,2748,23191
480,796,13986
6189,2532,46129
309,1163,26245
1085,981,4418
114,890,2384
824,1070,60476
18993,18831,359685
47,53,22162
96,77,47679
1537,77,75616
588,986,20394
6781,1188,211933
866,2388,54726
59,181,2406
1558,1399,1919
704,2641,77440
666,275,1232
107,209,15130
61,189,1182
434,609,34688
919,1454,9288
1025,1619,16619
575,823,1785
257,479,61054
3737,4605,33075
53,287,2104
1796,937,31833
6799,997,84770
404,522,227
603,975,65651
84,1014,18070
351,137,53353
39,643,2879
867,897,12290
110,364,8576
6663,6555,11849
21,195,778
274,364,16773
1548,4269,15697
219,274,61115
1594,960,8315
26,120,355
337,447,16384
60,162,3931
24,80,760
717,1115,25260
836,178,1448
308,256,23938
11370,12412,95352
1776,2038,11274
129,158,1277
2269,929,7606
889,407,1371
407,783,16360
2002,2148,44546
161,289,5076
37650,40232,76717
205,1431,2397
26,338,950
371,609,7810
23,95,5621
272,419,2569
118,344,850
119,211,1115
3,30,24
835,959,3505
5315,5360,11443
87,322,2663
204,247,3305
543,531,7206
3526,3547,17451
21037,22200,53979
40,33,40
520,717,36079
6751,6747,9425
517,900,14956
14480,14538,149041
1239,1981,81652
246,1830,5635
606,720,42981
195,464,10435
1,26,29
2538,2083,149270
73,40,1193
230,1509,42018
6948,7195,45399
217,366,16546
2,72,143
2538,814,19228
747,809,5906
156,140,504
740,412,3645
853,1384,1644
2306,197,37770
1877,1612,55527
168,216,17613
103468,576,34521
266,333,3666
17,98,40
89,131,1143
1762,1396,36900
1460,1106,94356
55749,49000,197563
309,865,10509
11763,11941,158198
291,466,5928
181,206,2729
882,2392,66304
503,443,7110
1,20,112
201,509,9174
104,185,3466
2959,4671,11516
16,75,7
25,110,1712
94,556,2801
467,243,4486
2172,605,73217
5,41,530
485,1565,2705
4,78,7
2,44,57
11726,12795,34668
1454,2250,7768
18,27,564
8,61,29
732,575,4538
375,1070,756
316,297,471
2959,2582,92415
2165,2876,25592
182,439,2103
46480,2565,14891
19,417,2166
6759,569,126470
1285,929,19005
62,417,1158
585,1302,39190
2048,1954,3562
551,1353,22879
6728,6578,99038
7516,5614,14415
5477,5644,30349
45,73,2194
46,108,6490
787,1617,5847
1224,1310,142596
45,77,2838
54903,47778,252196
7429,7629,11801
216,147,47885
891,395,44776
626,713,3141
446,290,31064
206,280,407
427,292,34424
21,125,16796
96,2988,12488
1274,995,70708
1190,1199,15180
17140,14202,63313
166,158,577
60,496,3163
119,204,4193
2130,496,49996
153,137,15501
75,812,8048
7033,7490,211585
588,1100,34946
13,67,1356
96,779,3927
231,391,1330
274,294,1139
153,43,18078
175,664,10398
177,238,755
49,132,596
49,470,17568
120,260,14895
31731,31501,75569
11292,12161,11056
3807,5001,41187
331,204,15667
10503,4848,165051
176,207,1473
1946,3033,97834
1762,1671,4219
169,1012,12394
97,496,26741
172,439,15780
2383,3538,38745
1065,2031,92701
215,240,11526
146,226,7442
354,313,27758
269,1179,1573
3021,2327,48645
138,141,6773
108,269,6109
164,339,14125
1272,1544,8549
101,93,21505
353,936,80360
11,4,1430
3056,1591,118406
607,653,30834
3053,732,40658
1339,4495,107378
47,186,25915
2304,4826,117366
199,121,4810
78,75,777
312,323,13880
152,374,60394
471,1166,569
12,108,587
2098,1971,2175
2509,412,20978
604,427,46798
450,865,22995
716,4552,2531
187,175,3149
48,156,8915
213,233,10921
132,229,4053
34178,33978,287232
299,367,5793
1016,604,40926
3953,4945,27541
2157,1650,75086
17157,17005,29781
1737,746,89805
24,57,443
2,7,62
195,361,293
753,299,86798
504,861,2027
728,1840,5702
1806,4753,13774
1081,473,20106
135,2299,6511
3,19,52
860,2103,17203
288,945,9003
109,893,9326
4328,4795,14496
307,162,212
59,251,6817
23741,21903,29748
1765,1833,33371
3959,4727,1009
52867,50269,266047
1108,1943,6606
831,1335,4619
1836,2224,1165
944,1292,45147
37,153,3358
508,748,21326
31,181,263
205,665,5209
1025,1991,22318
245,33,351
7,10,183
822,1206,15626
193,875,3005
355,1231,14097
997,70,1051
55749,49000,197563
1,55,436
172,618,15198
199,1353,9854
712,210,93669
165,496,6208
38,321,11584
57,151,1579
259,349,2048
975,825,45537
365,460,2936
18,60,1836
190,361,4723
595,461,15528
260,2207,12886
87,399,75408
74,556,824
12409,3377,13137
2434,2639,155959
1759,554,37243
325,157,20730
5234,2031,18671
161,529,12429
3,12,43
84,333,1457
502,392,82870
530,414,61612
10,99,835
13061,13076,32366
2273,900,252453
319,452,1762
2033,4830,31172
696,3593,87606
347,995,15447
1285,929,19005
393,731,37042
128,221,3325
176,537,1939
371,367,270
6948,531,2618
17380,18993,158904
571,1277,28071
141,255,6697
126,445,17686
2711,4006,790486
11556,51,1545
4105,4158,10239
157,663,47290
117,1206,22648
83,38,1095
722,333,90136
6,52,131
1047,1161,12576
44,116,736
81112,4497,86855
434,243,30941
688,1512,6754
4499,3607,101938
1227,1906,31033
274,242,2233
296,388,550
96,386,1069
7,69,468
20,179,15
63,1607,4460
479,269,35298
318,557,4688
83,126,35667
326,1862,13655
231,1114,86987
108,295,10776
276,484,4646
1140,1114,52663
8,46,783
359,376,3799
174,336,34136
358,586,8336
33,167,7305
419,1073,27070
248,1140,483
188,2443,4531
503,678,43299
271,1762,17677
226,380,3483
11,78,245
200,1447,397
160,273,10108
138,335,15083
742,541,54540
142,176,4687
9808,551,19022
725,1321,1825
3817,5001,52448
30,473,1313
286,167,5641
3566,3011,134722
561,2235,7983
2610,2633,39151
10,42,18
432,228,149851
1240,715,85924
1464,1461,5012
3518,2455,245739
1,3,1
613,404,66792
945,1147,76899
500,1,234
118,396,4323
371,320,21089
66,137,5094
355,259,4280
106,156,47979
200,1066,20116
160,191,2005
12,61,184
46,255,1533
323,625,2974
13,63,2439
1613,1284,18494
1747861,118,21692
946,789,47340
7,182,14
98,224,1438
44,35,4739
312,314,13925
1686,1622,9427
311,293,2923
1538,702,130927
45,85,10826
3163,4078,52118
7180,1108,105140
365,198,20028
1221,2452,14337
8504,8484,14841
52,231,17259
386,678,2870
254,229,25639
1526,1235,43028
2610,3164,48945
20135,21686,33820
76,157,13606
0,136,27
650,464,118245
231,903,22351
197,378,32139
27,295,2038
347,320,24420
499,5000,9132
189,442,6150
3056,1591,118406
339,916,81900
1560,1558,4806
14,99,246
457,221,7782
490,450,10067
398,172,3433
1617,5003,15156
72,1576,1862
875,1743,56763
1004,2263,19879
2765,4984,42058
226,422,41900
1887,3535,35193
1816,338,16407
1277,789,49833
1347,607,66902
78,109,2456
82,298,1141
31,432,6317
122,42,2888
2909,4999,250865
85,109,1275
72,102,1113
83,286,5462
151,212,2802
222,784,13793
2118,670,23001
825,554,24942
1821,1740,1812
57,52,12503
41,376,9555
2303,443,23222
3005,4998,62145
16,162,475
2959,2582,92415
1157,498,1046
156,606,4063
41030,15247,22477
472,1175,7270
478,455,7464
1720,569,30245
1285,929,19005
162,727,483
17,229,676
86,382,9954
35,255,2129
361,1298,14719
9465,9264,55207
285,1213,135
134,110,571
1,19,4
165,653,5733
4378,4993,49946
472,917,7067
6014,6611,105105
201,463,6260
123,549,2092
17710,2047,27063
2314,522,8822
1004,5000,59160
657,1529,19836
509,326,10952
773,1361,12001
183,167,1991
4274,4996,40270
3896,4938,13634
338,2607,11514
102,393,2267
233,390,5448
172,1144,4498
31,101,50
152,254,2340
1231,1925,101477
1432,1988,112823
203,425,1385
470,1223,9595
33,161,66
893,1168,5671
6388,667,91207
319,452,1762
82,82,5295
1043,515,2652
86,148,5502
53,70,269
2,71,132
33,48,87
1960,2148,21857
558,1453,2610
3478,2185,11466
103,221,10922
1988,3560,10177
2184,525,26514
588,809,62408
359,435,1916
2908,3126,7000
2753,3458,22536
108,1707,9248
516,450,1863
329,485,4833
180,852,12473
428,1334,13723
35,109,1796
87,223,3665
11893,11989,55968
2201,1295,44544
3127,1551,14252
928,961,3848
209,894,24148
56,191,3873
275,460,7098
75,169,467
659,361,910
224,223,15539
3781,3710,63242
470,653,7234
99,162,1651
2546,3381,68045
11,103,945
174,219,3611
4019,5000,195829
377,1324,27316
7942,8672,143217
320,775,3516
3552,3915,69026
41,240,965
235,191,557
752,3683,23125
11,4,1459
185,254,16646
366,331,13447
9155,9726,601498
135,64,20458
20566,21847,185138
632,1339,21358
346,388,8512
91,1121,3381
286,941,3060
139,1544,2935
144,239,13522
258,451,13715
1413,2239,36511
17,256,132
89,271,5897
391,465,3198
870,864,5255
551,800,39913
992,1834,19514
2917,3087,128038
2334,2142,7023
369,379,6006
165,155,444
834,2382,11644
661,1892,15114
1352,1193,4392
128,713,190697
215,383,6711
14,247,557
2951,3871,92090
1319,1175,63958
118,200,736
3951,2996,8555
260,499,77572
5558,5006,162793
3429,2707,10330
1553,873,39302
551,912,11118
2535,3167,38312
272,163,3288
2025,217,9603
28,74,3726
46,410,2194
2239,1393,222729
402,1029,4843
2074,360,54800
284,63,35175
880,2186,13655
1305,515,38234
47,53,22162
163,146,4153
636,285,22268
483,208,1509
96,176,419
6,113,162
612,1425,21201
136,646,9106
265,248,72748
9849,10711,49583
371,435,2301
8519,458,240346
599,653,2656
106,184,9573
832,713,31882
3754,4738,45449
2959,2582,92415
476,886,2719
1285,929,19005
1157,246,26494
57,80,265
563,148,50587
2246,2484,59943
218,96,104728
448,453,20658
158,141,56188
370,243,41722
120,368,17519
2,32,126
130,870,41628
159,433,16065
185,579,106994
1558,2093,60146
16,79,997
315,582,7307
11497,9048,97577
948,518,237053
4770,4414,48568
1336,630,15398
35,83,77
400,253,172554
31,63,173
618,439,288
2,5,78
5408,5238,102475
307,705,2291
7721,2800,29599
19,153,265
830,74,3201
468,710,1372
114,122,4178
101,199,8001
4676,4752,22294
134,174,5503
38,21,70
28,52,924
72,139,7041
199,262,45063
393,792,9739
266,790,8665
1728,1482,28938
694,975,23587
1572,3469,111052
15743,15884,158213
2037,889,57251
84,145,6795
135,1651,17693
33,444,1200
977,1852,48265
70,285,6539
1729,1647,171646
92,87,1377
3292,4623,32079
130,245,1701
1368,576,54349
281,101,138198
1368,558,19283
284,434,23576
11,23,273
213,22,6016
2137,1970,63234
6832,7514,22466
6,71,1930
329,398,64606
51,100,516
207,219,932
497,515,39388
555,584,16973
2,3,13
868,185,49221
149,613,4849
1502,653,94792
51,196,142
281,685,3294
672,663,110
1199,2125,42375
482,1440,24780
152,447,7578
266,271,8224
1506,714,3630
15656,16970,125837
288,911,24264
1056,790,79341
341,300,12810
53,50,1873
21489,21517,41126
1796,937,31833
742,732,18714
5274,5006,4608
268,203,3461
372,1296,6502
177,204,17460
2379,3017,27320
936,1052,1687
78,215,1684
43,177,258
2599,2847,96982
1097,1621,32509
3483,298,59507
185,186,776
4679,2107,2960
620,830,4570
319,1407,10343
379,225,27278
289,381,154386
469,1136,45136
3614,3841,11576
405,351,11671
2367,1181,7647
4574,323,77496
6,40,387
6160,1886,18102
46,203,4300
101,210,560
319,180,8130
27,248,7228
2246,321,36708
11391,6233,142303
182,929,29412
1405,1651,62133
895,116,1299
6460,3478,154955
16,24,62
4,78,111
239,228,7939
11128,11110,412600
17,266,319
108,171,13146
161,113,12661
6961,6854,49162
1672,958,11320
207,191,62357
491,485,128732
7314,7577,58587
231,456,9102
4,57,41
5922,4469,31678
575,967,2549
42,142,565
20,153,579
125,309,21745
4014,2615,7872
27,131,1822
15,97,375
503,521,13799
29157,3120,16211
369,1294,4549
415,157,6863
516,372,18087
186,252,509
2959,2582,92415
1804,68,25844
41,155,1016
2829,1492,62826
28,318,10144
9155,9726,601498
1425,153,5471
2,35,125
265,118,24243
85,293,2358
2392,2674,138348
19505,19086,78320
871,739,11711
246,153,43478
440,1308,70044
479,1258,134596
112,118,1382
19,164,17594
33004,20890,30349
1498,1224,86735
33,535,864
251,700,18522
1102,28,400977
270,647,2055
81,58,28079
1285,929,19005
258,344,22006
122,324,1788
489,513,8540
353,936,80360
106938,1139,132203
199,2053,9132
391,1826,21286
68,1563,9733
6077,6163,258529
183,466,2217
66,88,7209
79,443,3127
16,39,324
422,392,49372
102,395,396
246,268,393
136,164,2253
56,110,210
604,1010,119223
149,1031,3813
1220,502,90969
2,16,16
172,141,13975
8,46,783
33,82,197
152,311,5186
1664,1960,25195
37,46,1189
1158,1086,6082
72,465,931
148,365,29796
276,1736,12772
528,880,6018
31,43,32122
6304,6322,117217
127,183,15344
152,311,5186
64,507,1213
70,133,862
4048,153,5574
39,185,55
3972,5001,47356
996,955,6439
4546,2158,22748
85,269,598
456,886,15563
16,28,251
1747,1451,36150
51,163,885
657,684,20834
637,789,115884
32,143,709
451,450,2595
6504,6684,92154
27,68,841
641,298,9881
164,23,4165
0,24,42
18,99,10237
147,293,113
3433,3021,90382
448,453,20658
2758,3789,95380
330,593,375083
1286,1289,3411
153,300,29350
134,788,4083
102,125,2356
49,190,4393
2685,3741,224878
9,29,163
189,306,865
3557,4583,84551
830,704,74555
389,386,319
4550,4992,62735
3122,504,73878
30431,26921,51497
223,865,3026
721,986,6269
2563,3803,33451
3469,3473,7623
300,67,7070
494,283,21844
3238,5000,13514
1497,540,28025
206,425,3287
168,167,6559
7303,7268,37111
14314,14338,28676
8369,4597,28771
288,2327,13918
5341,652,212658
5219,4680,162833
46,56,2418
10783,268,9386
3856,2983,89002
50,316,20690
17,620,11957
110,19,5600
1154,1289,12508
1532,983,154199
426,938,4274
35,78,414
628,1526,18072
1158,1242,36492
1437,1455,12124
395,591,28245
869,657,33666
46,21,236
22,132,1216
58,174,5179
21,75,419
98,111,6643
112,153,4950
730,356,5143
27,118,3221
15741,4504,84763
13283,13680,59796
3288,3834,229826
508,390,24076
3959,4278,15655
513,270,18222
343,636,8345
290,386,7076
955,1135,148208
1449,955,9366
658,556,21960
78045,56005,332947
20135,21686,33820
161,818,5196
646,687,11951
99,343,770
10,374,4307
2,8,17
264,675,2321
155,390,23379
32,28,1997
1739,4005,125539
4796,5245,46866
1065,832,69205
148,571,2299
358,346,25113
6631,7188,410385
206,276,5701
3056,1591,118406
168,171,1877
565,603,40289
1014,2002,20954
74,311,25217
1063,2023,18221
8512,9079,62290
51,338,1449
6369,6989,78755
40,46,274
327,1071,2782
522,562,4620
416,524,149345
4199,4966,183277
9,29,1311
2545,2458,12239
4382,1,13538
165,154,498
1,46,992
62,35,806
45,149,20095
349,632,13211
1334,955,15253
884,1078,12390
52344,50799,102564
76,177,1922
1042,1511,82541
1572,3469,111062
248,239,14240
829,944,85724
47,53,22162
371,320,21089
109,106,4638
1930,1585,201853
6,114,313
1904,2138,39999
1778,4004,149466
524,449,23510
3196,5001,350804
128,331,2002
39,87,71
1086,254,11933
269,223,11309
4774,4977,77507
4,63,7585
219,1047,4515
2872,3893,11988
150,416,8802
39,59,114
3329,2180,52469
269,856,28447
355,509,2725
353,936,80360
11497,9049,97580
606,1701,9800
1410,4295,56206
3209,5595,48929
103264,42844,3280
137,367,3753
564,1333,2658
89,897,150
796,1230,44690
77,293,4708
104,1083,1319
534,280,68495
94835,7504,47952
87,229,2463
1319,1288,24284
12843,1095,95974
1086,1976,8069
1438996,49,15077
392,556,13626
1804,68,25844
142,131,4397
916,265,782
9656,2805,81107
174,192,856
7,207,152
1423,4071,16710
275,380,26899
3465,4993,10677
1518,159,8757
701,213,214555
170,45,8345
532,1197,4737
149,512,2084
2009,1971,286082
1197,107,765
77,99,832
2156,514,58453
367,1204,2430
351,357,5806
413,336,17399
1607,435,2058
11,250,660
6,19,40
369,299,14097
94,372,9457
11060,8411,45197
532,1197,4737
188269,82688,375785
519,278,9794
113,245,261
2338,4994,20401
43,134,247
297,357,23522
104,174,221
4686,2108,2964
2469,1838,21616
283,592,2328
4932,5372,43096
524,468,5109
32755,28222,37119
1623,594,5197
3702,4261,92204
2396,1915,79943
35,94,773
273,742,3931
513,330,3842
135,1712,4614
23,100,1597
282,300,8825
295,415,4432
1,28,68
314,318,2063
12,636,140
20458,10328,30590
118,293,36850
296,460,2611
171,82,10982
35,131,14327
559,689,4776
33,233,120
25,176,348
191,256,629
550,1662,7454
103,140,8634
355,1231,14114
14681,14666,100836
999,639,55727
18039,17910,10135
1270,1172,1706
727,640,2740
426,298,53635
37,52,56018
430,190,40609
296,1538,2673
12484,12660,209836
1152,538,58086
4088,4072,11971
295,509,35399
50,262,5662
4884,4997,456554
160,152,7324
9,342,234
4477,3403,32310
217,831,549
1846,1986,88996
75,608,18756
892,2234,24558
987,959,10983
57,262,2688
270,1040,2018
2435,1930,193977
6280,6093,107150
3212,105,31172
1707,1179,7701
210,584,9866
6,44,92
2545,2458,12239
4292,1501,91958
6019,5605,44112
540,1255,1885
24591,15432,64688
29,173,1780
190,189,335
1285,929,19005
12124,12212,40893
32,62,24341
164,259,2076
958,1303,58523
179,238,142
978,417,8305
3,66,5248
741,1634,23839
14,248,10174
1203,924,4520
10129,11130,53130
5701,5483,7309
491,484,1822
1607,131,5110
1569,1565,56062
163,260,2057
543,250,14953
397,977,40806
23738,21914,29757
2682,1589,69677
1522,326,23549
430,373,27290
55,196,2748
2757,1590,135053
33,97,1072
61,189,1188
78047,56005,332950
153,576,42411
47,357,9066
56,250,5275
329,1035,9573
7589,8348,116697
1101,2769,8541
41,89,390
6132,6418,132444
619,311,3997
721,337,12350
950,1330,2690
164,354,1540
1572,465,130112
526,643,47074
527,1079,58310
341,220,15417
6151,2071,12371
5,175,28792
4673,5117,36508
691,236,11268
3558,3358,5550
5356,5430,3986
3921,402,155084
45954,36415,46010
12284,7740,59516
46,148,13194
22313,23616,18574
186,258,10624
137,298,4321
66,100,13041
193,614,14568
15,66,40
6163,145,23766
480,214,7048
395,363,69370
222,1228,16657
3237,416,14026
115186,55522,692669
0,20,6
320,1946,26924
26,39,3219
2288,2317,16668
158,1758,4206
3192,3049,115297
16,16,1883
961,358,110657
2180,2689,289743
502,453,5554
3337,2540,21733
33,71,1350
4658,4554,25143
1780,1757,19089
542,820,19714
539,563,2009
627,1081,32422
108,85,6673
967,301,16094
203,148,11632
153,331,25537
33250,2450,405959
11523,11676,234067
730,322,27409
1135,684,109314
0,27,21
2767,976,225
448,453,20660
25,38,793
61122,65695,324072
1223,1924,36977
1240,1215,17625
1629,1682,50661
15,164,194
25149,8885,116356
1191,1352,57827
10205,1391,67748
125,106,4184
1532,983,154199
75,247,1908
912,111,315
723,684,20780
564,983,1759
